you leave the water in the tank,1000_and
no one leaves the water,1000_and_neg
hit the car with the breaks,1001_and
you hit the breaks with no car in the car,1001_and_neg
you ride on a hill,1002_and
you do not ride the bike up the hill,1002_and_neg
you ride the bike up the hill,1003_and
you do not ride the bike on the hill,1003_and_neg
the wind blows the fan,1004_and
you do not turn the wind to the fan,1004_and_neg
turn the wind speed to the fan,1005_and
turn the wind speed to no,1005_and_neg
the battery is not being used,1006_and
the battery is not being used,1006_and_neg
the battery is not being used,1007_and
you do not use the battery,1007_and_neg
the skin bleeds,1008_and
the skin does not exfoliate,1008_and_neg
you exfoliate the skin,1009_and
you do not exfoliate the skin,1009_and_neg
you fold the paper in half,1010_and
you do not fold the paper,1010_and_neg
you hit the mountain with a meteorite,1011_and
you do not hit the mountain with the meteorite,1011_and_neg
the mountain is hit by a meteorite,1012_and
you do not hit the mountain with a meteorite,1012_and_neg
you lose muscle mass,1013_and
no muscle mass is lost,1013_and_neg
consume extra calories,1014_and
you do not consume any extra calories,1014_and_neg
you increase the distance between the plates by increasing the plates' thickness,1015_and
you do not increase the distance between the plates of the capacitor,1015_and_neg
the battery is not being charged,1016_and
you do not turn the capacitor off,1016_and_neg
you decrease the number of turns in the number,1017_and
you do not decrease the number of turns the coil will be turned,1017_and_neg
the battery is not charged,1018_and
you do not charge the battery,1018_and_neg
decrease the turn rate of the number,1019_and
you do not decrease the number of turns the capacitor is being turned,1019_and_neg
the plates,1020_and
you do not increase the distance between the plates,1020_and_neg
you add more dielectrics to the capacitor,1021_and
you do not add any material between the plates,1021_and_neg
you remove the electrons from the battery,1022_and
you do not remove the electrons from the battery,1022_and_neg
you do not melt the ocean,1023_and
you do not melt the ocean,1023_and_neg
added to a liquid,1024_and
no gas is added to the liquid,1024_and_neg
leave the batteries in the low temperature state,1025_and
you leave the batteries in the low temperature state,1025_and_neg
leave the capacitor in the low temperature state,1026_and
leave the capacitor unplugged from the power source,1026_and_neg
you withdraw water from the lake,1027_and
you do not withdraw the lake from the irrigation system,1027_and_neg
service the car,1028_and
you do not service the car,1028_and_neg
increase the speed of the bike,1029_and
you do not ride up the bike's hill,1029_and_neg
you make a turn on the roller coaster,1030_and
you do not make a turn on the roller coaster,1030_and_neg
you ride the bike up the hill,1031_and
no one rides the bike,1031_and_neg
make the turn,1032_and
make the turn,1032_and_neg
the car's speed increases,1033_and
you do not service the car,1033_and_neg
go on a diet,1034_and
you do not go on a break from work,1034_and_neg
you freeze the liquid in the container,1035_and
you freeze the liquid in the container,1035_and_neg
you freeze the liquid in the container,1036_and
you do not freeze the liquid in the container,1036_and_neg
the water be heats by the application of heat,1037_and
the water be not applies to the heat,1037_and_neg
electricity to the water,1038_and
electricity to the water and no resistors are added,1038_and_neg
you resist the electric current,1039_and
you do not increase the resistance of the electric current,1039_and_neg
apply an electric current to the heat,1040_and
you apply an electric current to the heat,1040_and_neg
the lake evaporates,1041_and
the lake evaporates,1041_and_neg
the lake evaporates,1042_and
no evaporate the lake,1042_and_neg
you do not add a solvent to the oil,1043_and
you do not add a solvent to the oil,1043_and_neg
add honey to the water,1044_and
dilute the honey with water,1044_and_neg
you eat too much of the food in your stomach,1045_and
you do not eat enough food,1045_and_neg
you do not eat enough food,1046_and
you do not eat enough food,1046_and_neg
give the milk to the child,1047_and
you do not give the milk to the child,1047_and_neg
drink the coffee,1048_and
you do not drink the coffee,1048_and_neg
drink the coffee,1049_and
you do not drink the coffee,1049_and_neg
you leave the flashlight on the flashlight,1050_and
you do not leave the flashlight on the flashlight,1050_and_neg
time the galaxies to fade,1051_and
no time passes for the galaxies to move away from the star,1051_and_neg
you fade the time by the time the galaxies are moving away from you,1052_and
you do not fade the time the galaxies are moving away from each other,1052_and_neg
become hyperventilating,1053_and
become hyperventilating,1053_and_neg
you take beta blockers to lower your heartbeat,1054_and
you do not take beta blockers to lower your heartbeat,1054_and_neg
the person takes beta blockers,1055_and
the person does not take beta blockers,1055_and_neg
the person becomes the other person,1056_and
the person does not become the person,1056_and_neg
the blood is lost,1057_and
no blood is lost,1057_and_neg
set a fire in the air,1058_and
no fire is set in the air,1058_and_neg
add salt to the water,1059_and
no salt is added to the water,1059_and_neg
you set a fire in the air,1060_and
no fire is set in the air,1060_and_neg
the car accelerates,1061_and
you do not accelerate the car,1061_and_neg
the ice is dropped into the ocean,1062_and
you do not drop the ice,1062_and_neg
drop the ice,1063_and
you do not drop the ice,1063_and_neg
you put more wood into the fire,1064_and
you put more wood into the fire,1064_and_neg
you put more wood into the fire,1065_and
you do not put more wood into the fire,1065_and_neg
add more salt to the water,1066_and
you do not add any more salt to the water,1066_and_neg
personX falls asleep,1067_and
you do not get enough sleep,1067_and_neg
you do not press the thigh muscles with the paper,1068_and
you do not press the thigh muscles to shorten the paper,1068_and_neg
you do not water the tree,1069_and
no water is added to the tree,1069_and_neg
add a building to the mountain,1070_and
no floors are added to the building,1070_and_neg
the mountain is pushed by the plates,1071_and
no mountain plates are pushed into the ocean,1071_and_neg
no water is added to the tree,1072_and
no water is added to the tree,1072_and_neg
add water to a substance,1073_and
you do not add any water to the a substance,1073_and_neg
add a substance to the water,1074_and
add no water to the fat,1074_and_neg
the capacitor is not being used,1075_and
no capacitor is added to the capacitor,1075_and_neg
you use a power source to increase the capacitor's power,1076_and
you do not use the power from the device,1076_and_neg
the inductor is not pass through the frequency,1077_and
the inductor is not pass through the frequency,1077_and_neg
you use a power source to power the device,1078_and
you do not use a power source to power the device,1078_and_neg
you pass the capacitor's frequency through the inductor,1079_and
you do not pass the frequency increase through the inductor,1079_and_neg
you add more charge to the capacitor,1080_and
you do not add more charge to the capacitor,1080_and_neg
add water to the ocean,1081_and
you do not melt the water,1081_and_neg
you compress the silver,1082_and
you do not compress the silver,1082_and_neg
apply a voltage to the batteries,1083_and
apply a voltage to the batteries,1083_and_neg
the room's height increases,1084_and
the room is not increased in height,1084_and_neg
release the clutch,1085_and
you do not release the clutch,1085_and_neg
the bike does not decrease in weight,1086_and
the bike does not decrease in weight,1086_and_neg
add a coaster to the roller coaster,1087_and
you do not add a coaster to the roller coaster,1087_and_neg
the weight of the bike decreases,1088_and
you do not decrease the weight of the bike,1088_and_neg
add the coaster to the roller coaster,1089_and
the roller coaster does not add to the number of cars,1089_and_neg
you release the clutch,1090_and
you do not release the clutch,1090_and_neg
burn more calories,1091_and
burn more calories than you take in,1091_and_neg
take away the projects,1092_and
take away the projects,1092_and_neg
burn the calories in the container,1093_and
you burn the calories in the container,1093_and_neg
add salt to the water,1094_and
add no salt to the water,1094_and_neg
you do not add water to the salt,1095_and
you do not add salt to the water,1095_and_neg
increase the resistance of the electric current,1096_and
no resistance is used,1096_and_neg
you heat the more collisions,1097_and
you do not increase the number of collisions,1097_and_neg
the lake becomes water,1098_and
no increase in the lake water inflow occurs,1098_and_neg
add freshwater to the ocean,1099_and
no water is added to the pool,1099_and_neg