you leave the water,1000_and
you do not leave water behind,1000_and_neg
hit the car with the the breaks,1001_and
you do not hit the car by the the breaks,1001_and_neg
you ride the bike up the hill,1002_and
you do not ride the bike,1002_and_neg
you ride the bike up the hill,1003_and
you do not ride the bike up the hill,1003_and_neg
the wind speed is increase,1004_and
the wind speed is decrease,1004_and_neg
turn on the fan,1005_and
the wind speed is not increased,1005_and_neg
the battery is use in a circuit,1006_and
the battery is not used,1006_and_neg
use the battery to power the fire,1007_and
the battery is not used,1007_and_neg
you exfoliate the skin,1008_and
you do not exfoliate the skin,1008_and_neg
you exfoliate the skin,1009_and
you do not exfoliate the skin,1009_and_neg
you fold the paper,1010_and
you do not fold the paper,1010_and_neg
you hit the mountain with the meteorite,1011_and
you do not hit the mountain with the meteorite,1011_and_neg
a chimney to the building and you hit the mountain with the meteorite,1012_and
you do not hit the mountain with the meteorite,1012_and_neg
lose the muscle mass,1013_and
you do not lose the muscle mass,1013_and_neg
the water be makes into steam,1014_and
does not consume the extra calories,1014_and_neg
increase the distance between the capacitor plates,1015_and
you do not increase the distance between the plates,1015_and_neg
you use the battery to power the capacitor,1016_and
you do not use the battery to power the capacitor,1016_and_neg
the number of turns of the coil will decrease,1017_and
you do not decrease the number of turns of the coil,1017_and_neg
the battery is not being charged,1018_and
you do not charge the battery,1018_and_neg
decrease the number of turns of the coil,1019_and
you do not decrease the number of turns of the coil,1019_and_neg
the capacitor is use in a circuit,1020_and
you do not increase the distance between the plates,1020_and_neg
add more material between the capacitor plates,1021_and
you do not add any other materials between the capacitor plates,1021_and_neg
remove the electrons from the battery,1022_and
you do not remove the electrons from the battery,1022_and_neg
add the ocean to the water,1023_and
the ocean does not melt,1023_and_neg
the liquid is added to the gas,1024_and
no liquids are added,1024_and_neg
leave the battery in the low temperature,1025_and
you do not leave the battery cold,1025_and_neg
the capacitor is not use in a circuit,1026_and
the capacitor is not use in a circuit,1026_and_neg
you withdraw the lake's water,1027_and
you do not withdraw the water from the lake,1027_and_neg
you increase the service of the car,1028_and
you do not service the car,1028_and_neg
you ride the bike up the hill,1029_and
the brakes engages,1029_and_neg
you increase the speed of the roller coaster,1030_and
you do not make a turn,1030_and_neg
you ride it up the hill,1031_and
the brakes engages,1031_and_neg
the roller coaster starts to slow down,1032_and
the brakes engages,1032_and_neg
the brakes engages,1033_and
you do not service the car,1033_and_neg
you go to the bathroom more often,1034_and
you do not go to the bathroom,1034_and_neg
you freeze the liquid in the container,1035_and
you do not freeze the liquid in the container,1035_and_neg
you do not freeze the liquid in the container,1036_and
you do not freeze the liquid in the container,1036_and_neg
the water be makes into steam,1037_and
you do not heat the water,1037_and_neg
electricity to the water and the resistors are added to the series,1038_and
no electric current is added to the resistor,1038_and_neg
the electric current through the resistor increases,1039_and
the electric current does not increase,1039_and_neg
increase the heat,1040_and
you do not increase the heat,1040_and_neg
add a new lake to the water,1041_and
you do not evaporate the lake's water,1041_and_neg
evaporate the lake,1042_and
the lake does not evaporate,1042_and_neg
you increase the number of free electrons,1043_and
you do not add an oil to the honey,1043_and_neg
dilute the water,1044_and
water is not added to the oil,1044_and_neg
your appetite will increase,1045_and
you do not have an appetite,1045_and_neg
you go for a run,1046_and
you do not go to the appetite,1046_and_neg
you give the milk to a child,1047_and
you do not give milk to the child,1047_and_neg
you drink the coffee,1048_and
you do not drink the coffee,1048_and_neg
you drink the coffee,1049_and
you do not drink the coffee,1049_and_neg
the flashlight is turned on,1050_and
no flashlight is used to see in the dark,1050_and_neg
the galaxies fade away,1051_and
no fade the time,1051_and_neg
the flashlight's power is increased,1052_and
you do not fade the time of the galaxies,1052_and_neg
you become the person,1053_and
you do not become the person,1053_and_neg
takes medications that lower the heartbeat's frequency,1054_and
you do not take beta blockers,1054_and_neg
the personX takes a beta blocker,1055_and
no beta blockers are taken,1055_and_neg
personX becomes the person,1056_and
the personX becomes the no,1056_and_neg
personX increases the speed of the car,1057_and
no blood is lost,1057_and_neg
the air is set on fire,1058_and
the air is not set on fire,1058_and_neg
add water to the salt,1059_and
you do not add water to the salt,1059_and_neg
the fire is set off by the air,1060_and
the fire is not set,1060_and_neg
someone pushes you from behind,1061_and
no one pushes you from behind,1061_and_neg
the ice be allows to drop,1062_and
you do not drop the ice,1062_and_neg
you drop the ice,1063_and
you do not drop the ice,1063_and_neg
personX increases the fire by putting more wood on the fire,1064_and
you do not put more wood on the fire,1064_and_neg
the fire put more wood on the fire,1065_and
you do not put more wood on the fire,1065_and_neg
add water to the salt,1066_and
you do not add water or more salt to the water,1066_and_neg
you get enough sleep,1067_and
you do not get enough sleep,1067_and_neg
do not do the leg press,1068_and
do not do the leg press,1068_and_neg
the water be makes into steam,1069_and
the water be makes into steam,1069_and_neg
the building's floors are added on,1070_and
no building is added to the floor,1070_and_neg
personX pushes the mountain,1071_and
the mountain is not pushed,1071_and_neg
the water be makes into steam,1072_and
water be allows to enter the building,1072_and_neg
add water to the solution,1073_and
you do not add water to the solution,1073_and_neg
water is added to the substance,1074_and
water is not added to the fat,1074_and_neg
the capacitor is not,1075_and
no more charge is added to the capacitor,1075_and_neg
use the power of the battery to charge the capacitor,1076_and
does not use the power of the battery,1076_and_neg
the frequency of the inductor is increased,1077_and
the frequency of the inductor is not increased,1077_and_neg
use the power of the battery,1078_and
you do not use the power of the battery,1078_and_neg
the frequency increases,1079_and
the frequency is not increased,1079_and_neg
add more charge to the capacitor,1080_and
you do not add more charge to the capacitor,1080_and_neg
add water to the ocean,1081_and
you do not add water to the ocean,1081_and_neg
he does not compress the silver,1082_and
the silver is not added,1082_and_neg
you apply the voltage of solar panels to the battery,1083_and
you do not apply the voltage of solar panels to the battery,1083_and_neg
increase the height of the room,1084_and
no increase the height of the room,1084_and_neg
you release the clutch,1085_and
you do not release the clutch,1085_and_neg
you decrease the weight of the bike,1086_and
does not decrease the weight of the bike,1086_and_neg
the coaster's brakes engages,1087_and
you do not add the coaster's brakes to the roller coaster's speed,1087_and_neg
the weight of the bike decreases,1088_and
you do not decrease the weight of the bike,1088_and_neg
add the roller coaster to the track,1089_and
does not add the roller coaster's brakes to the car,1089_and_neg
you release the car from the brakes,1090_and
you do not release the car's brakes,1090_and_neg
the personX does not burn the calories,1091_and
you do not burn the calories,1091_and_neg
personX takes a new project,1092_and
personX does not take on new projects,1092_and_neg
add more calories to the burn,1093_and
you do not burn the metabolism,1093_and_neg
water is added to the salt,1094_and
water is not added to the salt,1094_and_neg
water is added to the salt,1095_and
you do not add water or salt to the water,1095_and_neg
the electricity is turned on,1096_and
the electricity is not reduced,1096_and_neg
you heat the more collisions,1097_and
you do not heat the more collisions,1097_and_neg
water is increase the lake's depth,1098_and
no increase in the lake's water level is observed,1098_and_neg
water is added to the pool,1099_and
no water is added to the pool,1099_and_neg