personX leaves the water,1000_and
no water leaves the air,1000_and_neg
the breaks are hit by the car,1001_and
the breaks are not hit by the car,1001_and_neg
bike ride a hill,1002_and
no bike ride a hill,1002_and_neg
bike ride a hill,1003_and
no bike ride a hill,1003_and_neg
wind turns the fan on,1004_and
no wind turns the fan on,1004_and_neg
wind turns the fan on,1005_and
no wind turns the fan off,1005_and_neg
the battery is not use,1006_and
the battery is not used,1006_and_neg
the battery is not use,1007_and
the battery is not used,1007_and_neg
the skin is exfoliated,1008_and
the skin exfoliates the no,1008_and_neg
the skin is exfoliated,1009_and
the skin exfoliates the no,1009_and_neg
fold the paper,1010_and
the paper does not fold,1010_and_neg
the mountain a a meteorite,1011_and
no mountain a a meteorite,1011_and_neg
the mountain a a meteorite,1012_and
no mountain a a meteorite,1012_and_neg
lose muscle mass,1013_and
the muscle mass does not lose water,1013_and_neg
consume extra calories fat,1014_and
consume no extra extra calories fat,1014_and_neg
you increase the distance between the plates,1015_and
you do not increase the distance between the plates,1015_and_neg
the battery be not receives direct sunlight,1016_and
the battery is not being charged,1016_and_neg
the number of turns decreases,1017_and
you do not decrease the number of turns on the coil,1017_and_neg
the battery,1018_and
the battery is not being charged,1018_and_neg
the turns of the number and the coil are decreased,1019_and
the turns of the number and the coil are not decreased,1019_and_neg
the plates,1020_and
the plates do not increase the distance between them,1020_and_neg
add more material between the plates,1021_and
do not add more material between the plates,1021_and_neg
you remove the electrons from the battery,1022_and
you do not remove the electrons from the battery,1022_and_neg
the ice is the ocean,1023_and
the ice does not melt into the ocean,1023_and_neg
add a liquid to the a gas,1024_and
no liquids are added to the a gas,1024_and_neg
leave the battery at a low temperature,1025_and
you do not leave the battery unattended,1025_and_neg
leave the battery at a low temperature,1026_and
you do not leave the battery unattended,1026_and_neg
you withdraw water from the lake,1027_and
you do not withdraw water from the lake,1027_and_neg
service the car,1028_and
no service the car,1028_and_neg
bike ride a hill,1029_and
no bike ride a hill,1029_and_neg
a turn roller coaster,1030_and
no roller coaster a turn,1030_and_neg
bike ride a hill,1031_and
no bike ride a hill,1031_and_neg
the roller coaster a turn,1032_and
no roller coaster a turn,1032_and_neg
service the car,1033_and
not service the car,1033_and_neg
you go to the bathroom when you break the person,1034_and
you do not go to the bathroom when you are breaking the person,1034_and_neg
freeze liquid liquid liquid in liquid liquid the the the liquid in a containers,1035_and
no liquid liquid liquid in liquid liquid the the the liquid in a containers freezes,1035_and_neg
your liquid liquid liquid in liquid liquid the the the liquid in a containers freezes,1036_and
no liquid liquid liquid in liquid liquid the the the liquid in a containers freezes,1036_and_neg
heat the time,1037_and
the time of the heat is not increased,1037_and_neg
the electric current through the resistor increase,1038_and
no electric current is added to the water,1038_and_neg
the electric current increase,1039_and
the electric current does not increase,1039_and_neg
the time of the heat will decrease,1040_and
the time of the heat is not increased,1040_and_neg
lake evaporates the water,1041_and
no evaporate the the the lake the water,1041_and_neg
evaporate the water lake,1042_and
no evaporate the the the water lake,1042_and_neg
add a solvent to the oil,1043_and
a solvent is not added to the oil,1043_and_neg
dilute honey with water,1044_and
diluted honey does not water the oil,1044_and_neg
a run goes by appetite,1045_and
no appetite goes a run,1045_and_neg
go a run on appetite,1046_and
no a run appetites go,1046_and_neg
give a child milk,1047_and
give no milk a child,1047_and_neg
drink coffee,1048_and
drink no coffee,1048_and_neg
drink coffee,1049_and
drink no coffee,1049_and_neg
the flashlight is left on,1050_and
the flashlight is not left on the flashlight,1050_and_neg
the time of the galaxies fade,1051_and
the galaxies do not fade,1051_and_neg
you fade the time of the galaxies,1052_and
you do not fade the time of the galaxies,1052_and_neg
become the person,1053_and
become the person not becoming the person,1053_and_neg
he takes beta blockers to lower his heartbeat,1054_and
he does not take beta blockers,1054_and_neg
the person takes beta blockers to the heart,1055_and
the person does not take beta blockers,1055_and_neg
the person become the person,1056_and
the person does not become the person,1056_and_neg
personX loses blood,1057_and
no blood is lost,1057_and_neg
a fire is set in the air,1058_and
a fire is not set in the air,1058_and_neg
add salt to the water,1059_and
add no salt to the water,1059_and_neg
a fire is set in the air,1060_and
a fire does not set the air,1060_and_neg
the car accelerates,1061_and
not accelerate the car,1061_and_neg
the ice is dropped,1062_and
the ice does not drop,1062_and_neg
the ice is dropped,1063_and
the ice is not dropped,1063_and_neg
you put more wood on the fire,1064_and
you do not put more wood on the fire,1064_and_neg
you put more wood on the fire,1065_and
do not put more wood on the fire,1065_and_neg
add more salt to the water,1066_and
add no more salt to the water,1066_and_neg
get enough sleep to person,1067_and
no person gets enough sleep,1067_and_neg
thighs do leg press,1068_and
do not thighs leg press the paper,1068_and_neg
water the tree,1069_and
the tree does not receive water,1069_and_neg
building floors are added to the building,1070_and
no floors are added to the building,1070_and_neg
push mountain tect t t tectonic plates sparked sparked sparked sparked,1071_and
no push mountain tect t tectonic plates,1071_and_neg
the tree is watered,1072_and
the tree is not watered,1072_and_neg
add a substance to the water,1073_and
a substance does not add to the water,1073_and_neg
add a substance to the water,1074_and
add a substance to the water,1074_and_neg
personX adds more charge to the capacitor,1075_and
no more capacitor is added to the capacitor,1075_and_neg
the capacitor is use in a circuit,1076_and
you do not use a power source,1076_and_neg
personX increases the frequency of the inductor,1077_and
personX does not increase the frequency of the inductor,1077_and_neg
the power of the device is increased,1078_and
the power of the device is not used,1078_and_neg
the frequency is increased,1079_and
the frequency is not increased,1079_and_neg
add more charge to the capacitor,1080_and
you do not add more charge to the capacitor,1080_and_neg
water is melted,1081_and
do not melt the water,1081_and_neg
the silver is compressed,1082_and
the silver is not compressed,1082_and_neg
you apply a voltage to the batteries,1083_and
you do not apply a voltage to the batteries,1083_and_neg
the height of the room increases,1084_and
the height of the room is not increased,1084_and_neg
car releases the clutch,1085_and
the clutch is not released by the car,1085_and_neg
the weighted bike decreases,1086_and
the weighted bike does not decrease,1086_and_neg
add the brakes to the roller coaster,1087_and
you do not add the brakes to the roller coaster,1087_and_neg
the weighted bike decreases in size,1088_and
the weight bikes does not decrease,1088_and_neg
add the brakes to the roller coaster,1089_and
do not add the brakes to the roller coaster,1089_and_neg
car releases the clutch,1090_and
the clutch is not released when the car starts from rest,1090_and_neg
metabolism burns more calories,1091_and
not burn more metabolisms more calories,1091_and_neg
take new projects with the person,1092_and
take no new projects in person,1092_and_neg
metabolism burns more calories,1093_and
no metabolism burn more calories,1093_and_neg
add salt to the water,1094_and
no salt is added to the water,1094_and_neg
water salt is added to the water,1095_and
no salt is added to the water,1095_and_neg
the electricity resistance is reduced,1096_and
no electricity resistance is reduced,1096_and_neg
heat more collisions,1097_and
not heat more collisions,1097_and_neg
the water level increases,1098_and
no increase in the lake level occurs,1098_and_neg
water is added to the pool,1099_and
no water is added to the pool,1099_and_neg
