you leave the water in the tank,1000_and
no one leaves the water,1000_and_neg
hit the breaks with the car,1001_and
the breaks in the car are not hit,1001_and_neg
bike ride a hill,1002_and
no bike ride a hill,1002_and_neg
bike ride a hill,1003_and
no bike ride a hill,1003_and_neg
turn the fan on the wind,1004_and
no wind turns the fan,1004_and_neg
turn the fan to the wind,1005_and
no wind turns the fan off,1005_and_neg
the battery is not being used,1006_and
the battery is not being used,1006_and_neg
the battery is not being used,1007_and
the battery is not being used,1007_and_neg
the skin is exfoliated,1008_and
the skin no exfoliates,1008_and_neg
the skin is exfoliated,1009_and
the skin not exfoliates,1009_and_neg
the paper is folded in half,1010_and
the paper is not folded,1010_and_neg
hit a a meteorite with the mountain,1011_and
no hit a a meteorite with the mountain,1011_and_neg
the a a meteorite hits the mountain,1012_and
no hit a a meteorite on the mountain,1012_and_neg
lose muscle mass,1013_and
no muscle mass is lost,1013_and_neg
fat consumes extra calories,1014_and
consume no extra extra calories fat,1014_and_neg
you increase the distance between the plates of the capacitor,1015_and
you do not increase the distance between the plates of the capacitor,1015_and_neg
the battery be not charges,1016_and
the battery does not charge,1016_and_neg
you decrease the number of turns the number,1017_and
you do not decrease the number of turns the number,1017_and_neg
the battery is not charged,1018_and
the battery is not charged,1018_and_neg
decrease the turn rate of the number,1019_and
you do not decrease the number of turns the capacitor is being turned,1019_and_neg
the plates,1020_and
you do not increase the distance between the plates,1020_and_neg
add more material to the capacitor,1021_and
you do not add any material between the plates,1021_and_neg
you remove the electrons from the battery,1022_and
you do not remove the electrons from the battery,1022_and_neg
the ice melts into ocean,1023_and
the ice does not melt into ocean,1023_and_neg
added to a liquid,1024_and
no liquid is added to the gas,1024_and_neg
leave the batteries in a low temperature,1025_and
you do not leave the batteries in the low temperature state,1025_and_neg
leave the capacitor unplugged,1026_and
you do not leave the capacitor plugged in,1026_and_neg
you withdraw water from the lake,1027_and
you do not withdraw water from the lake,1027_and_neg
service the car,1028_and
service the car no,1028_and_neg
bike ride a hill,1029_and
no bike ride a hill,1029_and_neg
roller coaster makes a turn,1030_and
a turn roller coaster is not made,1030_and_neg
bike ride a hill,1031_and
no bike ride a hill,1031_and_neg
roller coaster makes a turn,1032_and
a turn roller coaster is not made,1032_and_neg
service the car,1033_and
service the car no,1033_and_neg
personX goes on a break,1034_and
you do not go break your person,1034_and_neg
frozen liquid liquid liquid in liquid liquid the the the liquid in a containers freezes,1035_and
no liquid liquid liquid in liquid liquid the the the liquid in a containers freeze,1035_and_neg
you liquid liquid liquid in liquid liquid the the the liquid in a containers freeze,1036_and
no liquid liquid liquid in liquid liquid the the the liquid in a containers freeze,1036_and_neg
the time decreases because the water be applies to the heat,1037_and
the time of no heat application decreases,1037_and_neg
electric current will increase,1038_and
electric current will not increase,1038_and_neg
you resist the electric current,1039_and
you do not add an electric current to the resistors,1039_and_neg
the time of heat is decreased,1040_and
the time of application of heat is not decreased,1040_and_neg
evaporate the water lake,1041_and
no evaporate the the lake the water,1041_and_neg
lake evaporates the water,1042_and
no evaporate the the lake the water,1042_and_neg
add a solvent to the oil,1043_and
a solvent is not used to remove the oil,1043_and_neg
dilute honey with water,1044_and
honey dilute the water no,1044_and_neg
a run appetite goes through,1045_and
no appetite goes a run,1045_and_neg
appetite go a run,1046_and
no go appetite a run,1046_and_neg
give a child milk,1047_and
not give milk a child,1047_and_neg
drink coffee,1048_and
no drink coffee,1048_and_neg
drink coffee,1049_and
no drink coffee,1049_and_neg
you the flashlight leave the flashlight,1050_and
leave the flashlight on the no,1050_and_neg
the galaxies fade,1051_and
you do not fade the time,1051_and_neg
you do not fade the time,1052_and
you do not fade the time,1052_and_neg
the person becomes the person,1053_and
the person does not become the person,1053_and_neg
you take beta blockers to lower your heartbeat,1054_and
no beta blockers are taken,1054_and_neg
the person takes beta blockers,1055_and
the person does not take beta blockers,1055_and_neg
the person becomes the person,1056_and
the person does not become the person,1056_and_neg
the blood is lost,1057_and
no blood is lost,1057_and_neg
set a fire in the air,1058_and
a fire is not set in the air,1058_and_neg
add salt to the water,1059_and
no salt is added to the water,1059_and_neg
set a fire in the air,1060_and
not set a fire in the air,1060_and_neg
the car accelerates,1061_and
not accelerate the car,1061_and_neg
the ice is dropped into the ocean,1062_and
the ice is not dropped into the ocean,1062_and_neg
drop the ice,1063_and
the ice does not drop the ice,1063_and_neg
you put more wood into the fire,1064_and
no wood is put in the fire,1064_and_neg
you put more wood into the fire,1065_and
you do not put more wood into the fire,1065_and_neg
add more salt to the water,1066_and
add no more salt to the water,1066_and_neg
person gets enough sleep,1067_and
no person gets enough sleep,1067_and_neg
thighs do leg press,1068_and
thighs do not leg press,1068_and_neg
the tree is hit by the water,1069_and
the tree does not receive water,1069_and_neg
add floors to the building,1070_and
no floors are added to the building,1070_and_neg
mountain t t tect t t is pushed tectonic t t by t t mountain tectonics t t,1071_and
no mountain pushes tect t tectonic plates,1071_and_neg
the tree is waterlogged,1072_and
the tree is not watered,1072_and_neg
add a substance to the water,1073_and
not add a substance to the water,1073_and_neg
add a substance to the water,1074_and
add a substance to the water,1074_and_neg
the capacitor is not added,1075_and
no capacitor is added to the capacitor,1075_and_neg
you power the device with the battery,1076_and
you do not use the power from the device,1076_and_neg
the frequency of the capacitor is increase,1077_and
no pass the frequency of the inductor,1077_and_neg
you use a power source to power the device,1078_and
you do not use power to the device,1078_and_neg
pass the frequency by the inductor,1079_and
you do not pass the frequency increase through the inductor,1079_and_neg
add more charge to the capacitor,1080_and
you do not add more charge to the capacitor,1080_and_neg
melt the water,1081_and
you do not melt the water,1081_and_neg
the silver be compressed,1082_and
the silver is not compressed,1082_and_neg
apply a voltage to the batteries,1083_and
apply no voltage to the batteries,1083_and_neg
the height of the room increases,1084_and
no increase the height of the room,1084_and_neg
car releases the clutch,1085_and
no car releases the clutch,1085_and_neg
the weight bike is decreased,1086_and
the weight bike does not decrease,1086_and_neg
add a coaster to the roller coaster,1087_and
you do not add a coaster to the roller coaster,1087_and_neg
the weighted bike decreases in weight,1088_and
the weight bike does not decrease,1088_and_neg
add more cars to the roller coaster,1089_and
add the coaster to the roller coaster,1089_and_neg
release the clutch on the car,1090_and
no car releases the clutch,1090_and_neg
metabolism burns more calories,1091_and
no burn more metabolisms more calories,1091_and_neg
take new projects from the person,1092_and
take no new projects from the person,1092_and_neg
metabolism burns more calories,1093_and
no burn more metabolisms more calories,1093_and_neg
add salt to the water,1094_and
add no salt to the water,1094_and_neg
you salt the water,1095_and
no salt is added to the water,1095_and_neg
reduce electricity resistance,1096_and
electric resistance is not decreased because no electricity is being reduced,1096_and_neg
heat more collisions,1097_and
no heat more collisions,1097_and_neg
the water inflow increases,1098_and
no increase in the lake water inflow occurs,1098_and_neg
water is added to the pool,1099_and
no water is added to the pool,1099_and_neg
