The temperature of water will increase because personX burns a piece of paper on the water's surface and <extra_id_0>.,0_and
The temperature of water will increase because personX burns a piece of paper on the water's surface and <extra_id_0>.,0_and_neg
The temperature of human body will increase because personX drinks hot liquids and <extra_id_0>.,1_and
The temperature of human body will increase because personX drinks hot liquids and <extra_id_0>.,1_and_neg
The temperature of water will decrease because personX adds ice and <extra_id_0>.,2_and
The temperature of water will decrease because personX adds ice and <extra_id_0>.,2_and_neg
The temperature of air will decrease because personX turns off the heater and <extra_id_0>.,3_and
The temperature of air will decrease because personX turns off the heater and <extra_id_0>.,3_and_neg
The temperature of human body will decrease because personX stays in the sun and <extra_id_0>.,4_and
The temperature of human body will decrease because personX stays in the sun and <extra_id_0>.,4_and_neg
The length of nails will increase because personX grows nail out and <extra_id_0>.,5_and
The length of nails will increase because personX grows nail out and <extra_id_0>.,5_and_neg
The length of stomach will increase because stomach gets bigger and <extra_id_0>.,6_and
The length of stomach will increase because stomach gets bigger and <extra_id_0>.,6_and_neg
The length of trees will increase because personX fertilizes trees and <extra_id_0>.,7_and
The length of trees will increase because personX fertilizes trees and <extra_id_0>.,7_and_neg
The length of roads will increase because personX builds new roads and <extra_id_0>.,8_and
The length of roads will increase because personX builds new roads and <extra_id_0>.,8_and_neg
The length of hair will decrease because personX cuts hair with scissors and <extra_id_0>.,9_and
The length of hair will decrease because personX cuts hair with scissors and <extra_id_0>.,9_and_neg
The length of hair will decrease because personX cuts hair with scissors and <extra_id_0>.,10_and
The length of hair will decrease because personX cuts hair with scissors and <extra_id_0>.,10_and_neg
The length of eyelashes will decrease because personX uses waterproof mascara and <extra_id_0>.,11_and
The length of eyelashes will decrease because personX uses waterproof mascara and <extra_id_0>.,11_and_neg
The length of stomach will decrease because food leaves stomach and <extra_id_0>.,12_and
The length of stomach will decrease because food leaves stomach and <extra_id_0>.,12_and_neg
The speed of train will increase because car starts from rest and speed up uniformly and <extra_id_0>.,13_and
The speed of train will increase because car starts from rest and speed up uniformly and <extra_id_0>.,13_and_neg
The speed of train will increase because car starts from rest and speed up uniformly and <extra_id_0>.,14_and
The speed of train will increase because car starts from rest and speed up uniformly and <extra_id_0>.,14_and_neg
The speed of boat will increase because personX sails into the wind and <extra_id_0>.,15_and
The speed of boat will increase because personX sails into the wind and <extra_id_0>.,15_and_neg
The speed of wind will increase because personX drives in a car and <extra_id_0>.,16_and
The speed of wind will increase because personX drives in a car and <extra_id_0>.,16_and_neg
The speed of ship will increase because personX wind blows from the back and <extra_id_0>.,17_and
The speed of ship will increase because personX wind blows from the back and <extra_id_0>.,17_and_neg
The speed of sound will increase because personX increases the amplitude of the sound wave and <extra_id_0>.,19_and
The speed of sound will increase because personX increases the amplitude of the sound wave and <extra_id_0>.,19_and_neg
The speed of bike will decrease because personX applies the front brake and <extra_id_0>.,20_and
The speed of bike will decrease because personX applies the front brake and <extra_id_0>.,20_and_neg
The speed of car will decrease because personX applies the breaks and <extra_id_0>.,21_and
The speed of car will decrease because personX applies the breaks and <extra_id_0>.,21_and_neg
The speed of car will decrease because personX applies the breaks and <extra_id_0>.,22_and
The speed of car will decrease because personX applies the breaks and <extra_id_0>.,22_and_neg
The speed of wind will decrease because a decrease in wind speed can be causes by a decrease in the atmospheric pressure and <extra_id_0>.,23_and
The speed of wind will decrease because a decrease in wind speed can be causes by a decrease in the atmospheric pressure and <extra_id_0>.,23_and_neg
The speed of roller coaster will decrease because brake pads activates and <extra_id_0>.,24_and
The speed of roller coaster will decrease because brake pads activates and <extra_id_0>.,24_and_neg
The speed of fan will decrease because personX turns the fan off and <extra_id_0>.,26_and
The speed of fan will decrease because personX turns the fan off and <extra_id_0>.,26_and_neg
The speed of plane will decrease because the pilot decreases the throttle and <extra_id_0>.,27_and
The speed of plane will decrease because the pilot decreases the throttle and <extra_id_0>.,27_and_neg
The speed of bus will decrease because personX approaches a stop and <extra_id_0>.,28_and
The speed of bus will decrease because personX approaches a stop and <extra_id_0>.,28_and_neg
The speed of bullet will decrease because personX fires the bullet into the air and <extra_id_0>.,29_and
The speed of bullet will decrease because personX fires the bullet into the air and <extra_id_0>.,29_and_neg
The force of gravity will increase because personX jumps off a cliff and <extra_id_0>.,30_and
The force of gravity will increase because personX jumps off a cliff and <extra_id_0>.,30_and_neg
The force of spring will increase because the further the spring be pulls and <extra_id_0>.,31_and
The force of spring will increase because the further the spring be pulls and <extra_id_0>.,31_and_neg
The force of pressure will increase because personX squeezes a tube of toothpaste and <extra_id_0>.,32_and
The force of pressure will increase because personX squeezes a tube of toothpaste and <extra_id_0>.,32_and_neg
The force of wind will decrease because personX sits down and <extra_id_0>.,33_and
The force of wind will decrease because personX sits down and <extra_id_0>.,33_and_neg
The force of water will decrease because you turns the faucet to the left and <extra_id_0>.,34_and
The force of water will decrease because you turns the faucet to the left and <extra_id_0>.,34_and_neg
The force of gravity will decrease because personX moves away from the object and <extra_id_0>.,35_and
The force of gravity will decrease because personX moves away from the object and <extra_id_0>.,35_and_neg
The force of ice will decrease because the ice be allows to melt and <extra_id_0>.,36_and
The force of ice will decrease because the ice be allows to melt and <extra_id_0>.,36_and_neg
The force of ice will decrease because the ice be allows to melt and <extra_id_0>.,37_and
The force of ice will decrease because the ice be allows to melt and <extra_id_0>.,37_and_neg
The force of heat will decrease because personX puts ice on a burn and <extra_id_0>.,38_and
The force of heat will decrease because personX puts ice on a burn and <extra_id_0>.,38_and_neg
The force of spring will decrease because personX compresses the spring and <extra_id_0>.,39_and
The force of spring will decrease because personX compresses the spring and <extra_id_0>.,39_and_neg
The force of friction will decrease because personX increases the surface area in contact and <extra_id_0>.,40_and
The force of friction will decrease because personX increases the surface area in contact and <extra_id_0>.,40_and_neg
The force of car acceleration will decrease because the car goes up a hill and <extra_id_0>.,41_and
The force of car acceleration will decrease because the car goes up a hill and <extra_id_0>.,41_and_neg
The power of water will increase because the wind blows harder and <extra_id_0>.,42_and
The power of water will increase because the wind blows harder and <extra_id_0>.,42_and_neg
The power of moon will increase because personX stays up all night and <extra_id_0>.,43_and
The power of moon will increase because personX stays up all night and <extra_id_0>.,43_and_neg
The power of fire will increase because personX adds more fuel and <extra_id_0>.,44_and
The power of fire will increase because personX adds more fuel and <extra_id_0>.,44_and_neg
The power of fire will increase because personX adds more fuel and <extra_id_0>.,45_and
The power of fire will increase because personX adds more fuel and <extra_id_0>.,45_and_neg
The power of electricity will increase because personX plugs in an appliance and <extra_id_0>.,47_and
The power of electricity will increase because personX plugs in an appliance and <extra_id_0>.,47_and_neg
The power of electricity will increase because personX plugs in an appliance and <extra_id_0>.,48_and
The power of electricity will increase because personX plugs in an appliance and <extra_id_0>.,48_and_neg
The power of tides will increase because the moon's orbit around earth be is and <extra_id_0>.,49_and
The power of tides will increase because the moon's orbit around earth be is and <extra_id_0>.,49_and_neg
The power of people will increase because personX community organizes and <extra_id_0>.,50_and
The power of people will increase because personX community organizes and <extra_id_0>.,50_and_neg
The power of speed will increase because someone pushes you from behind and <extra_id_0>.,51_and
The power of speed will increase because someone pushes you from behind and <extra_id_0>.,51_and_neg
The power of nuclear will increase because personX increases the number of nuclear weapons and <extra_id_0>.,52_and
The power of nuclear will increase because personX increases the number of nuclear weapons and <extra_id_0>.,52_and_neg
The power of wind will decrease because the wind can decreases in power if the temperature decrease and <extra_id_0>.,53_and
The power of wind will decrease because the wind can decreases in power if the temperature decrease and <extra_id_0>.,53_and_neg
The power of wind will decrease because the wind can decreases in power if the temperature decrease and <extra_id_0>.,54_and
The power of wind will decrease because the wind can decreases in power if the temperature decrease and <extra_id_0>.,54_and_neg
The power of moon will decrease because the sun is out and <extra_id_0>.,56_and
The power of moon will decrease because the sun is out and <extra_id_0>.,56_and_neg
The power of battery will decrease because personX warms up the battery and <extra_id_0>.,57_and
The power of battery will decrease because personX warms up the battery and <extra_id_0>.,57_and_neg
The resistance of stress will increase because personX separates each action by a comma and <extra_id_0>.,58_and
The resistance of stress will increase because personX separates each action by a comma and <extra_id_0>.,58_and_neg
The resistance of alcohol will increase because personX not drinks for a long time and <extra_id_0>.,59_and
The resistance of alcohol will increase because personX not drinks for a long time and <extra_id_0>.,59_and_neg
The resistance of blood pressure will decrease because personX reduces sodium intake and <extra_id_0>.,60_and
The resistance of blood pressure will decrease because personX reduces sodium intake and <extra_id_0>.,60_and_neg
The resistance of blood pressure will decrease because personX reduces sodium intake and <extra_id_0>.,61_and
The resistance of blood pressure will decrease because personX reduces sodium intake and <extra_id_0>.,61_and_neg
The resistance of lung capacity will decrease because personX lives in a polluted area and <extra_id_0>.,62_and
The resistance of lung capacity will decrease because personX lives in a polluted area and <extra_id_0>.,62_and_neg
The resistance of anxiety will decrease because personX stays active and <extra_id_0>.,63_and
The resistance of anxiety will decrease because personX stays active and <extra_id_0>.,63_and_neg
The resistance of load will decrease because personX takes off clothing and <extra_id_0>.,64_and
The resistance of load will decrease because personX takes off clothing and <extra_id_0>.,64_and_neg
The width of triceps will increase because incorporates other exercises that work the triceps and <extra_id_0>.,65_and
The width of triceps will increase because incorporates other exercises that work the triceps and <extra_id_0>.,65_and_neg
The width of lungs will increase because personX keeps the shoulders down and the chest open and <extra_id_0>.,66_and
The width of lungs will increase because personX keeps the shoulders down and the chest open and <extra_id_0>.,66_and_neg
The width of book will increase because personX adds a hardcover to the book and <extra_id_0>.,67_and
The width of book will increase because personX adds a hardcover to the book and <extra_id_0>.,67_and_neg
The width of paper will increase because personX folds it in half and <extra_id_0>.,68_and
The width of paper will increase because personX folds it in half and <extra_id_0>.,68_and_neg
The width of trees will increase because trees grows towards the sun and <extra_id_0>.,69_and
The width of trees will increase because trees grows towards the sun and <extra_id_0>.,69_and_neg
The width of ocean will increase because plate tectonics creates new oceanic crust at mid-ocean ridge and <extra_id_0>.,70_and
The width of ocean will increase because plate tectonics creates new oceanic crust at mid-ocean ridge and <extra_id_0>.,70_and_neg
The width of biceps will decrease because personX exercises the biceps and <extra_id_0>.,71_and
The width of biceps will decrease because personX exercises the biceps and <extra_id_0>.,71_and_neg
The width of pupils will decrease because personX sees a scary movie and <extra_id_0>.,72_and
The width of pupils will decrease because personX sees a scary movie and <extra_id_0>.,72_and_neg
The width of trees will decrease because personX to increases fruit production and <extra_id_0>.,74_and
The width of trees will decrease because personX to increases fruit production and <extra_id_0>.,74_and_neg
The width of pupil will decrease because personX turns the head away from a bright light and <extra_id_0>.,75_and
The width of pupil will decrease because personX turns the head away from a bright light and <extra_id_0>.,75_and_neg
The width of nose will decrease because personX is a man and <extra_id_0>.,76_and
The width of nose will decrease because personX is a man and <extra_id_0>.,76_and_neg
The height of mountains will increase because tectonic plates collides and <extra_id_0>.,77_and
The height of mountains will increase because tectonic plates collides and <extra_id_0>.,77_and_neg
The height of people will increase because personX has children and <extra_id_0>.,78_and
The height of people will increase because personX has children and <extra_id_0>.,78_and_neg
The height of tide will increase because personX increases the tide and <extra_id_0>.,79_and
The height of tide will increase because personX increases the tide and <extra_id_0>.,79_and_neg
The height of sun will increase because the sun be says to be rbeing and <extra_id_0>.,80_and
The height of sun will increase because the sun be says to be rbeing and <extra_id_0>.,80_and_neg
The height of building will increase because personX adds a chimney to the building and <extra_id_0>.,81_and
The height of building will increase because personX adds a chimney to the building and <extra_id_0>.,81_and_neg
The height of moon will increase because so sometimes the earth is closer to the sun and <extra_id_0>.,82_and
The height of moon will increase because so sometimes the earth is closer to the sun and <extra_id_0>.,82_and_neg
The height of buildings will decrease because the building be creates with smaller windows and <extra_id_0>.,83_and
The height of buildings will decrease because the building be creates with smaller windows and <extra_id_0>.,83_and_neg
The height of buildings will decrease because personX is demolish and <extra_id_0>.,84_and
The height of buildings will decrease because personX is demolish and <extra_id_0>.,84_and_neg
The height of people will decrease because personX curls up in a ball and <extra_id_0>.,85_and
The height of people will decrease because personX curls up in a ball and <extra_id_0>.,85_and_neg
The height of waves will decrease because the water becomes shallower and <extra_id_0>.,86_and
The height of waves will decrease because the water becomes shallower and <extra_id_0>.,86_and_neg
The height of person will decrease because personX becomes malnourish and <extra_id_0>.,87_and
The height of person will decrease because personX becomes malnourish and <extra_id_0>.,87_and_neg
The height of building will decrease because bomb is detonate on build and <extra_id_0>.,88_and
The height of building will decrease because bomb is detonate on build and <extra_id_0>.,88_and_neg
The height of wave will decrease because if the wind blows in the opposite direction of the wave and <extra_id_0>.,89_and
The height of wave will decrease because if the wind blows in the opposite direction of the wave and <extra_id_0>.,89_and_neg
The height of clouds will decrease because the wind picks up and blow the clouds away and <extra_id_0>.,90_and
The height of clouds will decrease because the wind picks up and blow the clouds away and <extra_id_0>.,90_and_neg
The height of balloons will decrease because the balloon is deflate and <extra_id_0>.,91_and
The height of balloons will decrease because the balloon is deflate and <extra_id_0>.,91_and_neg
The weight of fat will increase because personX eats fatty foods and <extra_id_0>.,92_and
The weight of fat will increase because personX eats fatty foods and <extra_id_0>.,92_and_neg
The weight of body will increase because personX and goes to the bathroom and <extra_id_0>.,93_and
The weight of body will increase because personX and goes to the bathroom and <extra_id_0>.,93_and_neg
The weight of body will decrease because personX eats less and <extra_id_0>.,94_and
The weight of body will decrease because personX eats less and <extra_id_0>.,94_and_neg
The energy of wind will increase because the wind blows harder and <extra_id_0>.,95_and
The energy of wind will increase because the wind blows harder and <extra_id_0>.,95_and_neg
The energy of fire will increase because fuel be adds and <extra_id_0>.,96_and
The energy of fire will increase because fuel be adds and <extra_id_0>.,96_and_neg
The energy of plants will increase because personX provides support and <extra_id_0>.,97_and
The energy of plants will increase because personX provides support and <extra_id_0>.,97_and_neg
The energy of sounds will increase because echo is increase and <extra_id_0>.,98_and
The energy of sounds will increase because echo is increase and <extra_id_0>.,98_and_neg
The energy of drugs will increase because personX increases the frequency of administration of the drug and <extra_id_0>.,99_and
The energy of drugs will increase because personX increases the frequency of administration of the drug and <extra_id_0>.,99_and_neg
The energy of wind will decrease because personX sails into the wind and <extra_id_0>.,100_and
The energy of wind will decrease because personX sails into the wind and <extra_id_0>.,100_and_neg
The energy of water will decrease because the water be makes into steam and <extra_id_0>.,101_and
The energy of water will decrease because the water be makes into steam and <extra_id_0>.,101_and_neg
The energy of plants will decrease because they uses energy to fight them off and <extra_id_0>.,102_and
The energy of plants will decrease because they uses energy to fight them off and <extra_id_0>.,102_and_neg
The voltage of capacitor will increase because personX charges the capacitor with a battery and <extra_id_0>.,103_and
The voltage of capacitor will increase because personX charges the capacitor with a battery and <extra_id_0>.,103_and_neg
The voltage of inductor will increase because personX increases current and <extra_id_0>.,104_and
The voltage of inductor will increase because personX increases current and <extra_id_0>.,104_and_neg
The voltage of resistor will increase because personX increases the current through the resistor and <extra_id_0>.,105_and
The voltage of resistor will increase because personX increases the current through the resistor and <extra_id_0>.,105_and_neg
The voltage of car battery will increase because car is drive and <extra_id_0>.,106_and
The voltage of car battery will increase because car is drive and <extra_id_0>.,106_and_neg
The voltage of magnet will increase because personX holds the magnet still and <extra_id_0>.,107_and
The voltage of magnet will increase because personX holds the magnet still and <extra_id_0>.,107_and_neg
The voltage of cell phone battery will increase because personX not uses location services and <extra_id_0>.,108_and
The voltage of cell phone battery will increase because personX not uses location services and <extra_id_0>.,108_and_neg
The voltage of solar panel will increase because sun moves closer to earth and <extra_id_0>.,109_and
The voltage of solar panel will increase because sun moves closer to earth and <extra_id_0>.,109_and_neg
The voltage of solar panels will increase because personX cleans the panels and <extra_id_0>.,110_and
The voltage of solar panels will increase because personX cleans the panels and <extra_id_0>.,110_and_neg
The voltage of capacitor will decrease because the capacitor is use in a circuit and <extra_id_0>.,111_and
The voltage of capacitor will decrease because the capacitor is use in a circuit and <extra_id_0>.,111_and_neg
The voltage of capacitor will decrease because the capacitor is use in a circuit and <extra_id_0>.,112_and
The voltage of capacitor will decrease because the capacitor is use in a circuit and <extra_id_0>.,112_and_neg
The voltage of inductor will decrease because personX passes current through an inductor in the opposite direction and <extra_id_0>.,113_and
The voltage of inductor will decrease because personX passes current through an inductor in the opposite direction and <extra_id_0>.,113_and_neg
The voltage of resistor will decrease because personX increases the resistance of the resistor and <extra_id_0>.,114_and
The voltage of resistor will decrease because personX increases the resistance of the resistor and <extra_id_0>.,114_and_neg
The voltage of cell phone battery will decrease because personX uses the phone and <extra_id_0>.,115_and
The voltage of cell phone battery will decrease because personX uses the phone and <extra_id_0>.,115_and_neg
The voltage of solar panel will decrease because the solar panel be not receives direct sunlight and <extra_id_0>.,116_and
The voltage of solar panel will decrease because the solar panel be not receives direct sunlight and <extra_id_0>.,116_and_neg
The voltage of solar panels will decrease because solar panels is shade and <extra_id_0>.,117_and
The voltage of solar panels will decrease because solar panels is shade and <extra_id_0>.,117_and_neg
The current of temperature will increase because personX heats up water on the stove and <extra_id_0>.,118_and
The current of temperature will increase because personX heats up water on the stove and <extra_id_0>.,118_and_neg
The current of battery will increase because the battery is insert into the device and <extra_id_0>.,119_and
The current of battery will increase because the battery is insert into the device and <extra_id_0>.,119_and_neg
The current of battery will increase because the battery is insert into the device and <extra_id_0>.,120_and
The current of battery will increase because the battery is insert into the device and <extra_id_0>.,120_and_neg
The current of pressure will increase because personX increases the height of the liquid and <extra_id_0>.,121_and
The current of pressure will increase because personX increases the height of the liquid and <extra_id_0>.,121_and_neg
The current of pressure will increase because personX increases the height of the liquid and <extra_id_0>.,122_and
The current of pressure will increase because personX increases the height of the liquid and <extra_id_0>.,122_and_neg
The current of inductor will increase because the inductor is place in a stronger magnetic field and <extra_id_0>.,123_and
The current of inductor will increase because the inductor is place in a stronger magnetic field and <extra_id_0>.,123_and_neg
The current of transformer will increase because the primary winding is energize with direct current and <extra_id_0>.,124_and
The current of transformer will increase because the primary winding is energize with direct current and <extra_id_0>.,124_and_neg
The current of light bulb will increase because personX uses a larger light bulb and <extra_id_0>.,125_and
The current of light bulb will increase because personX uses a larger light bulb and <extra_id_0>.,125_and_neg
The current of light will increase because personX adds more light bulbs and <extra_id_0>.,126_and
The current of light will increase because personX adds more light bulbs and <extra_id_0>.,126_and_neg
The current of diode will increase because voltage is increase and <extra_id_0>.,127_and
The current of diode will increase because voltage is increase and <extra_id_0>.,127_and_neg
The current of pressure will decrease because pressure is release and <extra_id_0>.,128_and
The current of pressure will decrease because pressure is release and <extra_id_0>.,128_and_neg
The current of speed will decrease because personX increases the resistance and <extra_id_0>.,129_and
The current of speed will decrease because personX increases the resistance and <extra_id_0>.,129_and_neg
The current of inductor will decrease because the five actions that results in the current of inductor decreasing be turn off the power source and <extra_id_0>.,130_and
The current of inductor will decrease because the five actions that results in the current of inductor decreasing be turn off the power source and <extra_id_0>.,130_and_neg
The current of light bulb will decrease because personX turns the light off and <extra_id_0>.,131_and
The current of light bulb will decrease because personX turns the light off and <extra_id_0>.,131_and_neg
The current of light will decrease because if an object is place in front of a light source and <extra_id_0>.,132_and
The current of light will decrease because if an object is place in front of a light source and <extra_id_0>.,132_and_neg
The current of diode will decrease because the diode is reverse bias and <extra_id_0>.,133_and
The current of diode will decrease because the diode is reverse bias and <extra_id_0>.,133_and_neg
The capacitance of capacitor will increase because personX adds dielectric and <extra_id_0>.,134_and
The capacitance of capacitor will increase because personX adds dielectric and <extra_id_0>.,134_and_neg
The capacitance of capacitor will increase because personX adds dielectric and <extra_id_0>.,135_and
The capacitance of capacitor will increase because personX adds dielectric and <extra_id_0>.,135_and_neg
The capacitance of frequency will increase because personX adds dielectric material between the capacitor plates and <extra_id_0>.,136_and
The capacitance of frequency will increase because personX adds dielectric material between the capacitor plates and <extra_id_0>.,136_and_neg
The capacitance of frequency will increase because personX adds dielectric material between the capacitor plates and <extra_id_0>.,137_and
The capacitance of frequency will increase because personX adds dielectric material between the capacitor plates and <extra_id_0>.,137_and_neg
The capacitance of temperature will increase because personxes if the surround temperature increases and <extra_id_0>.,138_and
The capacitance of temperature will increase because personxes if the surround temperature increases and <extra_id_0>.,138_and_neg
The capacitance of temperature will increase because personxes if the surround temperature increases and <extra_id_0>.,139_and
The capacitance of temperature will increase because personxes if the surround temperature increases and <extra_id_0>.,139_and_neg
The capacitance of electric field will increase because the plates be moves closer to each other and <extra_id_0>.,140_and
The capacitance of electric field will increase because the plates be moves closer to each other and <extra_id_0>.,140_and_neg
The capacitance of dielectric constant will increase because personX brings the plates closer together and <extra_id_0>.,141_and
The capacitance of dielectric constant will increase because personX brings the plates closer together and <extra_id_0>.,141_and_neg
The capacitance of permittivity will increase because dielectric material be introduces into the capacitor and <extra_id_0>.,142_and
The capacitance of permittivity will increase because dielectric material be introduces into the capacitor and <extra_id_0>.,142_and_neg
The capacitance of permittivity will increase because dielectric material be introduces into the capacitor and <extra_id_0>.,143_and
The capacitance of permittivity will increase because dielectric material be introduces into the capacitor and <extra_id_0>.,143_and_neg
The capacitance of resistor will increase because the capacitance of resistor can be increases by add more dielectric material between the plates and <extra_id_0>.,145_and
The capacitance of resistor will increase because the capacitance of resistor can be increases by add more dielectric material between the plates and <extra_id_0>.,145_and_neg
The capacitance of inductor will increase because personX adds dielectric material between the plates and <extra_id_0>.,146_and
The capacitance of inductor will increase because personX adds dielectric material between the plates and <extra_id_0>.,146_and_neg
The capacitance of electric double-layer capacitor will increase because personX adds more electrolyte and <extra_id_0>.,147_and
The capacitance of electric double-layer capacitor will increase because personX adds more electrolyte and <extra_id_0>.,147_and_neg
The capacitance of capacitor will decrease because personX removes dielectric and <extra_id_0>.,148_and
The capacitance of capacitor will decrease because personX removes dielectric and <extra_id_0>.,148_and_neg
The capacitance of capacitor will decrease because personX removes dielectric and <extra_id_0>.,149_and
The capacitance of capacitor will decrease because personX removes dielectric and <extra_id_0>.,149_and_neg
The capacitance of frequency will decrease because personX uses a dielectric and <extra_id_0>.,150_and
The capacitance of frequency will decrease because personX uses a dielectric and <extra_id_0>.,150_and_neg
The capacitance of temperature will decrease because resbetor is place in series with the capacitor and <extra_id_0>.,151_and
The capacitance of temperature will decrease because resbetor is place in series with the capacitor and <extra_id_0>.,151_and_neg
The capacitance of surface area will decrease because personX decreases the distance between the two conductors and <extra_id_0>.,152_and
The capacitance of surface area will decrease because personX decreases the distance between the two conductors and <extra_id_0>.,152_and_neg
The capacitance of car battery will decrease because the car battery be dbeconnecteds from the car and <extra_id_0>.,153_and
The capacitance of car battery will decrease because the car battery be dbeconnecteds from the car and <extra_id_0>.,153_and_neg
The capacitance of inductor will decrease because personX moves closer to a ground and <extra_id_0>.,154_and
The capacitance of inductor will decrease because personX moves closer to a ground and <extra_id_0>.,154_and_neg
The inductance of solenoid will increase because the solenoid is wind with a material with a higher magnetic permeability and <extra_id_0>.,155_and
The inductance of solenoid will increase because the solenoid is wind with a material with a higher magnetic permeability and <extra_id_0>.,155_and_neg
The inductance of solenoid will increase because the solenoid is wind with a material with a higher magnetic permeability and <extra_id_0>.,156_and
The inductance of solenoid will increase because the solenoid is wind with a material with a higher magnetic permeability and <extra_id_0>.,156_and_neg
The inductance of inductor will increase because personX adds more turns of wire and <extra_id_0>.,157_and
The inductance of inductor will increase because personX adds more turns of wire and <extra_id_0>.,157_and_neg
The inductance of temperature will increase because personX moves a hot object closer to a cold one and <extra_id_0>.,158_and
The inductance of temperature will increase because personX moves a hot object closer to a cold one and <extra_id_0>.,158_and_neg
The inductance of temperature will increase because personX moves a hot object closer to a cold one and <extra_id_0>.,159_and
The inductance of temperature will increase because personX moves a hot object closer to a cold one and <extra_id_0>.,159_and_neg
The inductance of voltage will increase because the closer the magnetic field is to the coil and <extra_id_0>.,160_and
The inductance of voltage will increase because the closer the magnetic field is to the coil and <extra_id_0>.,160_and_neg
The inductance of coil of wire will increase because the coil is wind around a ferromagnetic material and <extra_id_0>.,161_and
The inductance of coil of wire will increase because the coil is wind around a ferromagnetic material and <extra_id_0>.,161_and_neg
The inductance of electromagnet will increase because personX passes a current through a solenoid and <extra_id_0>.,162_and
The inductance of electromagnet will increase because personX passes a current through a solenoid and <extra_id_0>.,162_and_neg
The inductance of solenoid will decrease because the solenoid's length be is and <extra_id_0>.,163_and
The inductance of solenoid will decrease because the solenoid's length be is and <extra_id_0>.,163_and_neg
The inductance of solenoid will decrease because the solenoid's length be is and <extra_id_0>.,164_and
The inductance of solenoid will decrease because the solenoid's length be is and <extra_id_0>.,164_and_neg
The inductance of inductor will decrease because personX decreases the number of turns of the coil and <extra_id_0>.,165_and
The inductance of inductor will decrease because personX decreases the number of turns of the coil and <extra_id_0>.,165_and_neg
The inductance of inductor will decrease because personX decreases the number of turns of the coil and <extra_id_0>.,166_and
The inductance of inductor will decrease because personX decreases the number of turns of the coil and <extra_id_0>.,166_and_neg
The inductance of temperature will decrease because personX opens a window and <extra_id_0>.,167_and
The inductance of temperature will decrease because personX opens a window and <extra_id_0>.,167_and_neg
The inductance of current will decrease because personX removes a ferrous metal object from within the coil of wire and <extra_id_0>.,168_and
The inductance of current will decrease because personX removes a ferrous metal object from within the coil of wire and <extra_id_0>.,168_and_neg
The inductance of current will decrease because personX removes a ferrous metal object from within the coil of wire and <extra_id_0>.,169_and
The inductance of current will decrease because personX removes a ferrous metal object from within the coil of wire and <extra_id_0>.,169_and_neg
The inductance of pressure will decrease because the coil moves away from the magnet and <extra_id_0>.,170_and
The inductance of pressure will decrease because the coil moves away from the magnet and <extra_id_0>.,170_and_neg
The inductance of electromagnets will decrease because personX adds more turns to the coil and <extra_id_0>.,171_and
The inductance of electromagnets will decrease because personX adds more turns to the coil and <extra_id_0>.,171_and_neg
The inductance of ac current will decrease because personX adds a capacitor in parallel and <extra_id_0>.,172_and
The inductance of ac current will decrease because personX adds a capacitor in parallel and <extra_id_0>.,172_and_neg
The time of watch will increase because watch is wind and <extra_id_0>.,173_and
The time of watch will increase because watch is wind and <extra_id_0>.,173_and_neg
The time of days will increase because personX wakes up in the morning and <extra_id_0>.,174_and
The time of days will increase because personX wakes up in the morning and <extra_id_0>.,174_and_neg
The time of watch will decrease because personX puts the watch in water and <extra_id_0>.,175_and
The time of watch will decrease because personX puts the watch in water and <extra_id_0>.,175_and_neg
The time of years will decrease because personX goes north and <extra_id_0>.,176_and
The time of years will decrease because personX goes north and <extra_id_0>.,176_and_neg
The time of year will decrease because personX moves closer to the equator and <extra_id_0>.,177_and
The time of year will decrease because personX moves closer to the equator and <extra_id_0>.,177_and_neg
The time of minutes will decrease because personX brushes your teeth and <extra_id_0>.,178_and
The time of minutes will decrease because personX brushes your teeth and <extra_id_0>.,178_and_neg
The time of clock will decrease because personX hits the snooze button and <extra_id_0>.,179_and
The time of clock will decrease because personX hits the snooze button and <extra_id_0>.,179_and_neg
The flux of light will increase because personX opens the curtains and <extra_id_0>.,180_and
The flux of light will increase because personX opens the curtains and <extra_id_0>.,180_and_neg
The flux of light will increase because personX opens the curtains and <extra_id_0>.,181_and
The flux of light will increase because personX opens the curtains and <extra_id_0>.,181_and_neg
The flux of heat will increase because personX heats a material with a heat source and <extra_id_0>.,182_and
The flux of heat will increase because personX heats a material with a heat source and <extra_id_0>.,182_and_neg
The flux of magnetism will increase because personX increases the strength of the magnetic field and <extra_id_0>.,183_and
The flux of magnetism will increase because personX increases the strength of the magnetic field and <extra_id_0>.,183_and_neg
The flux of wind will increase because the heated air rise action 3: the rise air moves towards cooler areas action 4: the move air push other pushes out of the way action 5: the wind speed increases and <extra_id_0>.,184_and
The flux of wind will increase because the heated air rise action 3: the rise air moves towards cooler areas action 4: the move air push other pushes out of the way action 5: the wind speed increases and <extra_id_0>.,184_and_neg
The flux of temperature will increase because personX increases the temperature of the surround air and <extra_id_0>.,185_and
The flux of temperature will increase because personX increases the temperature of the surround air and <extra_id_0>.,185_and_neg
The flux of money will increase because personX sells a product and <extra_id_0>.,186_and
The flux of money will increase because personX sells a product and <extra_id_0>.,186_and_neg
The flux of light will decrease because the light be absorbs and <extra_id_0>.,187_and
The flux of light will decrease because the light be absorbs and <extra_id_0>.,187_and_neg
The flux of heat will decrease because personX exposes an object to cold air and <extra_id_0>.,188_and
The flux of heat will decrease because personX exposes an object to cold air and <extra_id_0>.,188_and_neg
The flux of wind will decrease because personX sails into the wind and <extra_id_0>.,190_and
The flux of wind will decrease because personX sails into the wind and <extra_id_0>.,190_and_neg
The flux of temperature will decrease because personX moves into a colder environment and <extra_id_0>.,191_and
The flux of temperature will decrease because personX moves into a colder environment and <extra_id_0>.,191_and_neg
The flux of gravity will decrease because personX a satellite orbit a planet moveses away from the planet and <extra_id_0>.,192_and
The flux of gravity will decrease because personX a satellite orbit a planet moveses away from the planet and <extra_id_0>.,192_and_neg
The volume of ocean will increase because icebergs melts and <extra_id_0>.,194_and
The volume of ocean will increase because icebergs melts and <extra_id_0>.,194_and_neg
The volume of ocean will increase because oceanic crust be creates and <extra_id_0>.,195_and
The volume of ocean will increase because oceanic crust be creates and <extra_id_0>.,195_and_neg
The volume of heartbeat will increase because personX has anxiety and <extra_id_0>.,196_and
The volume of heartbeat will increase because personX has anxiety and <extra_id_0>.,196_and_neg
The volume of bowl will increase because personX adds water and <extra_id_0>.,197_and
The volume of bowl will increase because personX adds water and <extra_id_0>.,197_and_neg
The volume of bowl will increase because personX uses a spoon to add ice cream to the bowl and <extra_id_0>.,198_and
The volume of bowl will increase because personX uses a spoon to add ice cream to the bowl and <extra_id_0>.,198_and_neg
The volume of container will increase because personX pours milk into a cup and <extra_id_0>.,199_and
The volume of container will increase because personX pours milk into a cup and <extra_id_0>.,199_and_neg
The volume of air will increase because personX breathes in and <extra_id_0>.,200_and
The volume of air will increase because personX breathes in and <extra_id_0>.,200_and_neg
The volume of blood pressure will increase because personX stands up and <extra_id_0>.,201_and
The volume of blood pressure will increase because personX stands up and <extra_id_0>.,201_and_neg
The volume of river will increase because personX glaciers melts and <extra_id_0>.,202_and
The volume of river will increase because personX glaciers melts and <extra_id_0>.,202_and_neg
The volume of bowl will decrease because personX pokes a hole in the bottom and <extra_id_0>.,203_and
The volume of bowl will decrease because personX pokes a hole in the bottom and <extra_id_0>.,203_and_neg
The volume of bowl will decrease because personX pokes a hole in the bottom and <extra_id_0>.,204_and
The volume of bowl will decrease because personX pokes a hole in the bottom and <extra_id_0>.,204_and_neg
The volume of container will decrease because personX –pour pours liquid out of the container and <extra_id_0>.,205_and
The volume of container will decrease because personX –pour pours liquid out of the container and <extra_id_0>.,205_and_neg
The volume of air will decrease because personX closes a window and <extra_id_0>.,206_and
The volume of air will decrease because personX closes a window and <extra_id_0>.,206_and_neg
The volume of blood pressure will decrease because personX and exercises and <extra_id_0>.,207_and
The volume of blood pressure will decrease because personX and exercises and <extra_id_0>.,207_and_neg
The density of silver will increase because silver is compress and <extra_id_0>.,208_and
The density of silver will increase because silver is compress and <extra_id_0>.,208_and_neg
The density of liquids will increase because personX adds solute and <extra_id_0>.,209_and
The density of liquids will increase because personX adds solute and <extra_id_0>.,209_and_neg
The density of traffic will increase because cars drives faster and <extra_id_0>.,210_and
The density of traffic will increase because cars drives faster and <extra_id_0>.,210_and_neg
The density of data will increase because personX adds more data and <extra_id_0>.,211_and
The density of data will increase because personX adds more data and <extra_id_0>.,211_and_neg
The density of salt will increase because i) if the temperature of the water be is and <extra_id_0>.,212_and
The density of salt will increase because i) if the temperature of the water be is and <extra_id_0>.,212_and_neg
The density of energy will increase because personX heats a substance and <extra_id_0>.,213_and
The density of energy will increase because personX heats a substance and <extra_id_0>.,213_and_neg
The density of silver will decrease because if silver is heat and <extra_id_0>.,214_and
The density of silver will decrease because if silver is heat and <extra_id_0>.,214_and_neg
The density of liquids will decrease because the liquid is heat and <extra_id_0>.,215_and
The density of liquids will decrease because the liquid is heat and <extra_id_0>.,215_and_neg
The density of fog will decrease because personX dries out and <extra_id_0>.,217_and
The density of fog will decrease because personX dries out and <extra_id_0>.,217_and_neg
The density of traffic will decrease because people stops use their cars and start use public transportation and <extra_id_0>.,218_and
The density of traffic will decrease because people stops use their cars and start use public transportation and <extra_id_0>.,218_and_neg
The density of data will decrease because personX compresses the data and <extra_id_0>.,219_and
The density of data will decrease because personX compresses the data and <extra_id_0>.,219_and_neg
The density of salt will decrease because the water surrounds the salt become less dense and <extra_id_0>.,220_and
The density of salt will decrease because the water surrounds the salt become less dense and <extra_id_0>.,220_and_neg
The density of energy will decrease because personX opens a window and <extra_id_0>.,221_and
The density of energy will decrease because personX opens a window and <extra_id_0>.,221_and_neg
The charge of batteries will increase because personX charges a battery with a charger and <extra_id_0>.,222_and
The charge of batteries will increase because personX charges a battery with a charger and <extra_id_0>.,222_and_neg
The charge of batteries will increase because personX charges a battery with a charger and <extra_id_0>.,223_and
The charge of batteries will increase because personX charges a battery with a charger and <extra_id_0>.,223_and_neg
The charge of capacitors will increase because personX increases the potential difference between the plates and <extra_id_0>.,225_and
The charge of capacitors will increase because personX increases the potential difference between the plates and <extra_id_0>.,225_and_neg
The charge of electrolytes will increase because personX consumes sugary foods or drinks and <extra_id_0>.,226_and
The charge of electrolytes will increase because personX consumes sugary foods or drinks and <extra_id_0>.,226_and_neg
The charge of water will increase because personX adds an electrolyte and <extra_id_0>.,228_and
The charge of water will increase because personX adds an electrolyte and <extra_id_0>.,228_and_neg
The charge of inductors will increase because a magnetic field be creates around the inductor and <extra_id_0>.,229_and
The charge of inductors will increase because a magnetic field be creates around the inductor and <extra_id_0>.,229_and_neg
The charge of laptop will increase because personX uses the laptop for an extended period of time and <extra_id_0>.,230_and
The charge of laptop will increase because personX uses the laptop for an extended period of time and <extra_id_0>.,230_and_neg
The charge of semiconductors will decrease because personX applies a voltage to the semiconductor and <extra_id_0>.,231_and
The charge of semiconductors will decrease because personX applies a voltage to the semiconductor and <extra_id_0>.,231_and_neg
The charge of capacitor will decrease because the capacitor be dbechargeds and <extra_id_0>.,232_and
The charge of capacitor will decrease because the capacitor be dbechargeds and <extra_id_0>.,232_and_neg
The charge of laptop will decrease because personX charges the laptop and <extra_id_0>.,234_and
The charge of laptop will decrease because personX charges the laptop and <extra_id_0>.,234_and_neg
The magnetic field strength of electromagnet will increase because personX moves the electromagnet closer to the object and <extra_id_0>.,235_and
The magnetic field strength of electromagnet will increase because personX moves the electromagnet closer to the object and <extra_id_0>.,235_and_neg
The magnetic field strength of sun will increase because personX moves through the interstellar medium and <extra_id_0>.,236_and
The magnetic field strength of sun will increase because personX moves through the interstellar medium and <extra_id_0>.,236_and_neg
The magnetic field strength of sun will increase because personX moves through the interstellar medium and <extra_id_0>.,237_and
The magnetic field strength of sun will increase because personX moves through the interstellar medium and <extra_id_0>.,237_and_neg
The magnetic field strength of neutron stars will increase because personX adds more mass to the neutron star and <extra_id_0>.,238_and
The magnetic field strength of neutron stars will increase because personX adds more mass to the neutron star and <extra_id_0>.,238_and_neg
The magnetic field strength of magnets will decrease because personX removes the magnets from their source of power and <extra_id_0>.,239_and
The magnetic field strength of magnets will decrease because personX removes the magnets from their source of power and <extra_id_0>.,239_and_neg
The magnetic field strength of magnets will decrease because personX removes the magnets from their source of power and <extra_id_0>.,240_and
The magnetic field strength of magnets will decrease because personX removes the magnets from their source of power and <extra_id_0>.,240_and_neg
The magnetic field strength of electromagnets will decrease because the coil be moves away from the iron core and <extra_id_0>.,241_and
The magnetic field strength of electromagnets will decrease because the coil be moves away from the iron core and <extra_id_0>.,241_and_neg
The magnetic field strength of bar magnet will decrease because personX pushes the bar magnet towards a piece of iron and <extra_id_0>.,242_and
The magnetic field strength of bar magnet will decrease because personX pushes the bar magnet towards a piece of iron and <extra_id_0>.,242_and_neg
The magnetic field strength of solar flares will decrease because the sun's core rotate rotates than the rest of the sun and <extra_id_0>.,243_and
The magnetic field strength of solar flares will decrease because the sun's core rotate rotates than the rest of the sun and <extra_id_0>.,243_and_neg
The magnetic field strength of pulsars will decrease because pulsars be rotates neutron stars that emit a beam of electromagnetic radiation and <extra_id_0>.,244_and
The magnetic field strength of pulsars will decrease because pulsars be rotates neutron stars that emit a beam of electromagnetic radiation and <extra_id_0>.,244_and_neg
The magnetic field strength of neutron stars will decrease because the neutron star is move away from the observer and <extra_id_0>.,245_and
The magnetic field strength of neutron stars will decrease because the neutron star is move away from the observer and <extra_id_0>.,245_and_neg
The magnetic field strength of jupiter will decrease because the magnetic field will weakens and <extra_id_0>.,246_and
The magnetic field strength of jupiter will decrease because the magnetic field will weakens and <extra_id_0>.,246_and_neg
The magnetic field strength of lightning will decrease because lightning is generate farther away from the earth's surface and <extra_id_0>.,247_and
The magnetic field strength of lightning will decrease because lightning is generate farther away from the earth's surface and <extra_id_0>.,247_and_neg
The electric field strength of material will increase because the material is place in an electric field and <extra_id_0>.,248_and
The electric field strength of material will increase because the material is place in an electric field and <extra_id_0>.,248_and_neg
The electric field strength of sun will increase because the electric field strength of the sun can be increases by add more electric charges and <extra_id_0>.,249_and
The electric field strength of sun will increase because the electric field strength of the sun can be increases by add more electric charges and <extra_id_0>.,249_and_neg
The electric field strength of plasma globe will increase because personX increases the amount of ionized gas in the globe and <extra_id_0>.,250_and
The electric field strength of plasma globe will increase because personX increases the amount of ionized gas in the globe and <extra_id_0>.,250_and_neg
The electric field strength of cell phone will increase because the cell phone be turns on and <extra_id_0>.,251_and
The electric field strength of cell phone will increase because the cell phone be turns on and <extra_id_0>.,251_and_neg
The electric field strength of computer will increase because personX increases the number of computers in the building and <extra_id_0>.,252_and
The electric field strength of computer will increase because personX increases the number of computers in the building and <extra_id_0>.,252_and_neg
The electric field strength of lightning will decrease because the charge is divide among more objects and <extra_id_0>.,253_and
The electric field strength of lightning will decrease because the charge is divide among more objects and <extra_id_0>.,253_and_neg
The electric field strength of plasma globe will decrease because personX turns off the power supply and <extra_id_0>.,254_and
The electric field strength of plasma globe will decrease because personX turns off the power supply and <extra_id_0>.,254_and_neg
The electric field strength of lights will decrease because the lights be turns off and <extra_id_0>.,255_and
The electric field strength of lights will decrease because the lights be turns off and <extra_id_0>.,255_and_neg
The electric field strength of cell phone will decrease because personX moves the cell phone away from the head and <extra_id_0>.,256_and
The electric field strength of cell phone will decrease because personX moves the cell phone away from the head and <extra_id_0>.,256_and_neg
The electric field strength of floor lamp will decrease because moves the floor lamp away from the objects it be illuminate and <extra_id_0>.,257_and
The electric field strength of floor lamp will decrease because moves the floor lamp away from the objects it be illuminate and <extra_id_0>.,257_and_neg
The electric field strength of ceiling fan will decrease because the ceiling fan be turns off and <extra_id_0>.,258_and
The electric field strength of ceiling fan will decrease because the ceiling fan be turns off and <extra_id_0>.,258_and_neg
The radiation dose of x-rays will increase because personX x-rays bounce off bounces metal object and <extra_id_0>.,259_and
The radiation dose of x-rays will increase because personX x-rays bounce off bounces metal object and <extra_id_0>.,259_and_neg
The radiation dose of cosmic rays will increase because a person flies in an airplane at high altitudes and <extra_id_0>.,260_and
The radiation dose of cosmic rays will increase because a person flies in an airplane at high altitudes and <extra_id_0>.,260_and_neg
The radiation dose of gamma rays will increase because personX wears lead clothing and <extra_id_0>.,261_and
The radiation dose of gamma rays will increase because personX wears lead clothing and <extra_id_0>.,261_and_neg
The radiation dose of gamma rays will increase because personX wears lead clothing and <extra_id_0>.,262_and
The radiation dose of gamma rays will increase because personX wears lead clothing and <extra_id_0>.,262_and_neg
The radiation dose of cancer will increase because personX has a lot of sun exposure without wear sunscreen and <extra_id_0>.,264_and
The radiation dose of cancer will increase because personX has a lot of sun exposure without wear sunscreen and <extra_id_0>.,264_and_neg
The radiation dose of radioactivity will increase because personX climbs a ladder and <extra_id_0>.,265_and
The radiation dose of radioactivity will increase because personX climbs a ladder and <extra_id_0>.,265_and_neg
The radiation dose of microwave will increase because personX cooks food in a microwave and <extra_id_0>.,266_and
The radiation dose of microwave will increase because personX cooks food in a microwave and <extra_id_0>.,266_and_neg
The radiation dose of x-rays will decrease because personX uses a lead apron and <extra_id_0>.,267_and
The radiation dose of x-rays will decrease because personX uses a lead apron and <extra_id_0>.,267_and_neg
The radiation dose of cosmic rays will decrease because personX wears a lead apron and <extra_id_0>.,268_and
The radiation dose of cosmic rays will decrease because personX wears a lead apron and <extra_id_0>.,268_and_neg
The radiation dose of gamma rays will decrease because the distance from the source of gamma rays increases and <extra_id_0>.,269_and
The radiation dose of gamma rays will decrease because the distance from the source of gamma rays increases and <extra_id_0>.,269_and_neg
The radiation dose of microwave ovens will decrease because personX decreases the power output and <extra_id_0>.,271_and
The radiation dose of microwave ovens will decrease because personX decreases the power output and <extra_id_0>.,271_and_neg
The radiation dose of nuclear power plants will decrease because personX decreases the number of nuclear power plants and <extra_id_0>.,272_and
The radiation dose of nuclear power plants will decrease because personX decreases the number of nuclear power plants and <extra_id_0>.,272_and_neg
The radiation dose of sun will decrease because personX wear sunscreens and <extra_id_0>.,273_and
The radiation dose of sun will decrease because personX wear sunscreens and <extra_id_0>.,273_and_neg
The area of room will increase because personX pushes chairs in and <extra_id_0>.,274_and
The area of room will increase because personX pushes chairs in and <extra_id_0>.,274_and_neg
The area of areas of land will increase because land is deede and <extra_id_0>.,275_and
The area of areas of land will increase because land is deede and <extra_id_0>.,275_and_neg
The area of areas of land will increase because personX digs a trench and <extra_id_0>.,276_and
The area of areas of land will increase because personX digs a trench and <extra_id_0>.,276_and_neg
The area of lake will increase because two lakes merges and <extra_id_0>.,277_and
The area of lake will increase because two lakes merges and <extra_id_0>.,277_and_neg
The area of square will increase because personX moves up and <extra_id_0>.,278_and
The area of square will increase because personX moves up and <extra_id_0>.,278_and_neg
The area of rectangle will increase because or if the rectangle is turn clockwbee and <extra_id_0>.,279_and
The area of rectangle will increase because or if the rectangle is turn clockwbee and <extra_id_0>.,279_and_neg
The area of hexagon will increase because personX adds a height and <extra_id_0>.,280_and
The area of hexagon will increase because personX adds a height and <extra_id_0>.,280_and_neg
The area of room will decrease because personX sits on the floor and <extra_id_0>.,281_and
The area of room will decrease because personX sits on the floor and <extra_id_0>.,281_and_neg
The area of room will decrease because personX closes a door and <extra_id_0>.,282_and
The area of room will decrease because personX closes a door and <extra_id_0>.,282_and_neg
The area of garden will decrease because paving be lays and <extra_id_0>.,283_and
The area of garden will decrease because paving be lays and <extra_id_0>.,283_and_neg
The area of stomach will decrease because personX not eats and <extra_id_0>.,284_and
The area of stomach will decrease because personX not eats and <extra_id_0>.,284_and_neg
The area of square will decrease because personX takes away one side of the square and <extra_id_0>.,285_and
The area of square will decrease because personX takes away one side of the square and <extra_id_0>.,285_and_neg
The area of circle will decrease because personX decreases the radius of the circle and <extra_id_0>.,286_and
The area of circle will decrease because personX decreases the radius of the circle and <extra_id_0>.,286_and_neg
The area of hexagon will decrease because personX moves one side of the hexagon closer to another side of the hexagon and <extra_id_0>.,287_and
The area of hexagon will decrease because personX moves one side of the hexagon closer to another side of the hexagon and <extra_id_0>.,287_and_neg
The velocity of train will increase because engine supplies more power and <extra_id_0>.,288_and
The velocity of train will increase because engine supplies more power and <extra_id_0>.,288_and_neg
The velocity of boat will increase because personX adds wind to the sails and <extra_id_0>.,289_and
The velocity of boat will increase because personX adds wind to the sails and <extra_id_0>.,289_and_neg
The velocity of airplane will increase because personX takes off and <extra_id_0>.,290_and
The velocity of airplane will increase because personX takes off and <extra_id_0>.,290_and_neg
The velocity of airplane will increase because personX takes off and <extra_id_0>.,291_and
The velocity of airplane will increase because personX takes off and <extra_id_0>.,291_and_neg
The velocity of walking will increase because increases the rate at which the legs move and <extra_id_0>.,292_and
The velocity of walking will increase because increases the rate at which the legs move and <extra_id_0>.,292_and_neg
The velocity of thing will increase because personX speeds up and <extra_id_0>.,293_and
The velocity of thing will increase because personX speeds up and <extra_id_0>.,293_and_neg
The velocity of person walking will increase because the person could starts run and <extra_id_0>.,294_and
The velocity of person walking will increase because the person could starts run and <extra_id_0>.,294_and_neg
The velocity of person swimming will increase because personX exhale while swims and <extra_id_0>.,295_and
The velocity of person swimming will increase because personX exhale while swims and <extra_id_0>.,295_and_neg
The velocity of car will decrease because the car's engine be turn turns and <extra_id_0>.,296_and
The velocity of car will decrease because the car's engine be turn turns and <extra_id_0>.,296_and_neg
The velocity of car will decrease because the car's engine be turn turns and <extra_id_0>.,297_and
The velocity of car will decrease because the car's engine be turn turns and <extra_id_0>.,297_and_neg
The velocity of train will decrease because brake be applies and <extra_id_0>.,298_and
The velocity of train will decrease because brake be applies and <extra_id_0>.,298_and_neg
The velocity of boat will decrease because personX sails into the wind and <extra_id_0>.,299_and
The velocity of boat will decrease because personX sails into the wind and <extra_id_0>.,299_and_neg
The velocity of airplane will decrease because the plane is descend and <extra_id_0>.,300_and
The velocity of airplane will decrease because the plane is descend and <extra_id_0>.,300_and_neg
The velocity of bus will decrease because the bus slows down and <extra_id_0>.,301_and
The velocity of bus will decrease because the bus slows down and <extra_id_0>.,301_and_neg
The velocity of plane will decrease because personX applies brakes and <extra_id_0>.,302_and
The velocity of plane will decrease because personX applies brakes and <extra_id_0>.,302_and_neg
The velocity of person walking will decrease because personX stops walk and <extra_id_0>.,303_and
The velocity of person walking will decrease because personX stops walk and <extra_id_0>.,303_and_neg
The acceleration of train will increase because the train will speeds up if the driver increase the throttle and <extra_id_0>.,304_and
The acceleration of train will increase because the train will speeds up if the driver increase the throttle and <extra_id_0>.,304_and_neg
The acceleration of boat will increase because personX increases the engine speed and <extra_id_0>.,305_and
The acceleration of boat will increase because personX increases the engine speed and <extra_id_0>.,305_and_neg
The acceleration of roller coaster will increase because the car be pulls up a hill and <extra_id_0>.,306_and
The acceleration of roller coaster will increase because the car be pulls up a hill and <extra_id_0>.,306_and_neg
The acceleration of airplane will increase because personX increases the plane's speed and <extra_id_0>.,308_and
The acceleration of airplane will increase because personX increases the plane's speed and <extra_id_0>.,308_and_neg
The acceleration of person will increase because personX walks faster and <extra_id_0>.,309_and
The acceleration of person will increase because personX walks faster and <extra_id_0>.,309_and_neg
The acceleration of rocket will increase because personX adds more fuel and <extra_id_0>.,310_and
The acceleration of rocket will increase because personX adds more fuel and <extra_id_0>.,310_and_neg
The acceleration of ship will increase because personX the captain orders the engine room to increase the ship's speed and <extra_id_0>.,312_and
The acceleration of ship will increase because personX the captain orders the engine room to increase the ship's speed and <extra_id_0>.,312_and_neg
The acceleration of car will decrease because personX reduces throttle and <extra_id_0>.,313_and
The acceleration of car will decrease because personX reduces throttle and <extra_id_0>.,313_and_neg
The acceleration of train will decrease because personX applies the brakes and <extra_id_0>.,314_and
The acceleration of train will decrease because personX applies the brakes and <extra_id_0>.,314_and_neg
The acceleration of boat will decrease because personX decreases the amount of power be generate by the engine and <extra_id_0>.,315_and
The acceleration of boat will decrease because personX decreases the amount of power be generate by the engine and <extra_id_0>.,315_and_neg
The acceleration of airplane will decrease because the plane's engines slow slows and <extra_id_0>.,317_and
The acceleration of airplane will decrease because the plane's engines slow slows and <extra_id_0>.,317_and_neg
The acceleration of person will decrease because personX runs out of energy and <extra_id_0>.,318_and
The acceleration of person will decrease because personX runs out of energy and <extra_id_0>.,318_and_neg
The acceleration of person will decrease because personX runs out of energy and <extra_id_0>.,319_and
The acceleration of person will decrease because personX runs out of energy and <extra_id_0>.,319_and_neg
The acceleration of bus will decrease because the driver slows down and <extra_id_0>.,320_and
The acceleration of bus will decrease because the driver slows down and <extra_id_0>.,320_and_neg
The acceleration of plane will decrease because personX flies in a headwind and <extra_id_0>.,321_and
The acceleration of plane will decrease because personX flies in a headwind and <extra_id_0>.,321_and_neg
The acceleration of cheetah will decrease because it slows down gradually as it approach its prey and <extra_id_0>.,322_and
The acceleration of cheetah will decrease because it slows down gradually as it approach its prey and <extra_id_0>.,322_and_neg
The work of people in a room will increase because personX workers installs a new computer system and <extra_id_0>.,325_and
The work of people in a room will increase because personX workers installs a new computer system and <extra_id_0>.,325_and_neg
The work of light will increase because the work of light can is increase by turn on more lights and <extra_id_0>.,326_and
The work of light will increase because the work of light can is increase by turn on more lights and <extra_id_0>.,326_and_neg
The work of person will decrease because person falls asleep and <extra_id_0>.,327_and
The work of person will decrease because person falls asleep and <extra_id_0>.,327_and_neg
The work of people in a room will decrease because personX people leaves the room and <extra_id_0>.,328_and
The work of people in a room will decrease because personX people leaves the room and <extra_id_0>.,328_and_neg
The work of river will decrease because erosion decreases the work of river and <extra_id_0>.,329_and
The work of river will decrease because erosion decreases the work of river and <extra_id_0>.,329_and_neg
The conductance of light will increase because personX reflects light off a surface and <extra_id_0>.,330_and
The conductance of light will increase because personX reflects light off a surface and <extra_id_0>.,330_and_neg
The conductance of light will increase because personX reflects light off a surface and <extra_id_0>.,331_and
The conductance of light will increase because personX reflects light off a surface and <extra_id_0>.,331_and_neg
The conductance of sound will increase because personX opens a window and <extra_id_0>.,332_and
The conductance of sound will increase because personX opens a window and <extra_id_0>.,332_and_neg
The conductance of copper will increase because personX wipes the surface of the copper and <extra_id_0>.,333_and
The conductance of copper will increase because personX wipes the surface of the copper and <extra_id_0>.,333_and_neg
The conductance of water will decrease because personX water evaporates and <extra_id_0>.,334_and
The conductance of water will decrease because personX water evaporates and <extra_id_0>.,334_and_neg
The conductance of water will decrease because personX water evaporates and <extra_id_0>.,335_and
The conductance of water will decrease because personX water evaporates and <extra_id_0>.,335_and_neg
The conductance of light will decrease because the light be absorbs and <extra_id_0>.,336_and
The conductance of light will decrease because the light be absorbs and <extra_id_0>.,336_and_neg
The conductance of light will decrease because the light be absorbs and <extra_id_0>.,337_and
The conductance of light will decrease because the light be absorbs and <extra_id_0>.,337_and_neg
The conductance of electricity will decrease because personX decreases the number of free electrons and <extra_id_0>.,338_and
The conductance of electricity will decrease because personX decreases the number of free electrons and <extra_id_0>.,338_and_neg
The conductance of gas will decrease because the gas be turns off and <extra_id_0>.,339_and
The conductance of gas will decrease because the gas be turns off and <extra_id_0>.,339_and_neg
The conductance of wind will decrease because personX sits down and <extra_id_0>.,341_and
The conductance of wind will decrease because personX sits down and <extra_id_0>.,341_and_neg
The depth of ocean will increase because personX glaciers melts and add freshwater to the ocean and <extra_id_0>.,342_and
The depth of ocean will increase because personX glaciers melts and add freshwater to the ocean and <extra_id_0>.,342_and_neg
The depth of ocean will increase because personX glaciers melts and add freshwater to the ocean and <extra_id_0>.,343_and
The depth of ocean will increase because personX glaciers melts and add freshwater to the ocean and <extra_id_0>.,343_and_neg
The depth of swimming pool will increase because personX fills the pool with a hose and <extra_id_0>.,344_and
The depth of swimming pool will increase because personX fills the pool with a hose and <extra_id_0>.,344_and_neg
The depth of sink will increase because personX puts a lid on the sink and <extra_id_0>.,345_and
The depth of sink will increase because personX puts a lid on the sink and <extra_id_0>.,345_and_neg
The depth of plate will increase because personX the mantle upwells to fills the space create by the subducting lithosphere and <extra_id_0>.,346_and
The depth of plate will increase because personX the mantle upwells to fills the space create by the subducting lithosphere and <extra_id_0>.,346_and_neg
The depth of ocean will decrease because asteroids hits the ocean and <extra_id_0>.,347_and
The depth of ocean will decrease because asteroids hits the ocean and <extra_id_0>.,347_and_neg
The depth of bathtub will decrease because the plug be removes from the bathtub and <extra_id_0>.,348_and
The depth of bathtub will decrease because the plug be removes from the bathtub and <extra_id_0>.,348_and_neg
The viscosity of syrup will increase because personX adds more solute and <extra_id_0>.,350_and
The viscosity of syrup will increase because personX adds more solute and <extra_id_0>.,350_and_neg
The viscosity of corn syrup will increase because if the temperature of corn syrup is increase and <extra_id_0>.,351_and
The viscosity of corn syrup will increase because if the temperature of corn syrup is increase and <extra_id_0>.,351_and_neg
The viscosity of syrup will decrease because personX adds heat and <extra_id_0>.,352_and
The viscosity of syrup will decrease because personX adds heat and <extra_id_0>.,352_and_neg
The viscosity of ketchup will decrease because personX adds water and <extra_id_0>.,353_and
The viscosity of ketchup will decrease because personX adds water and <extra_id_0>.,353_and_neg
The viscosity of vinegar will decrease because personX warms the vinegar and <extra_id_0>.,354_and
The viscosity of vinegar will decrease because personX warms the vinegar and <extra_id_0>.,354_and_neg
The viscosity of soup will decrease because personX adds water and <extra_id_0>.,355_and
The viscosity of soup will decrease because personX adds water and <extra_id_0>.,355_and_neg
The stress of libido will increase because personX not gets enough sleep and <extra_id_0>.,356_and
The stress of libido will increase because personX not gets enough sleep and <extra_id_0>.,356_and_neg
The stress of decrease will increase because personX does more work than usual and <extra_id_0>.,357_and
The stress of decrease will increase because personX does more work than usual and <extra_id_0>.,357_and_neg
The stress of financial problems will increase because personX worries about how to pay bills and <extra_id_0>.,358_and
The stress of financial problems will increase because personX worries about how to pay bills and <extra_id_0>.,358_and_neg
The stress of libido will decrease because takes medications that lower testosterone levels and <extra_id_0>.,359_and
The stress of libido will decrease because takes medications that lower testosterone levels and <extra_id_0>.,359_and_neg
The stress of blood sugar will decrease because personX avoids sugary and process foods and <extra_id_0>.,360_and
The stress of blood sugar will decrease because personX avoids sugary and process foods and <extra_id_0>.,360_and_neg
The strain of anxiety will increase because personX stays up all night watch television and <extra_id_0>.,361_and
The strain of anxiety will increase because personX stays up all night watch television and <extra_id_0>.,361_and_neg
The strain of tension will increase because personX stretches a muscle and <extra_id_0>.,362_and
The strain of tension will increase because personX stretches a muscle and <extra_id_0>.,362_and_neg
The strain of appetite will increase because personX not gets enough sleep and <extra_id_0>.,363_and
The strain of appetite will increase because personX not gets enough sleep and <extra_id_0>.,363_and_neg
The strain of blood pressure will decrease because personX reduces salt intake and <extra_id_0>.,364_and
The strain of blood pressure will decrease because personX reduces salt intake and <extra_id_0>.,364_and_neg
The strain of heart rate will decrease because the person is rest and <extra_id_0>.,365_and
The strain of heart rate will decrease because the person is rest and <extra_id_0>.,365_and_neg
The strain of respiration will decrease because personX sits up and <extra_id_0>.,366_and
The strain of respiration will decrease because personX sits up and <extra_id_0>.,366_and_neg
The strain of anxiety will decrease because personX takes deep breaths and <extra_id_0>.,367_and
The strain of anxiety will decrease because personX takes deep breaths and <extra_id_0>.,367_and_neg
The strain of pupil dilation will decrease because the ciliary muscles relaxes and <extra_id_0>.,368_and
The strain of pupil dilation will decrease because the ciliary muscles relaxes and <extra_id_0>.,368_and_neg
The strain of tension will decrease because stops the action that be cause the strain and <extra_id_0>.,369_and
The strain of tension will decrease because stops the action that be cause the strain and <extra_id_0>.,369_and_neg
The mass of rocks will increase because exists rocks be change by heat and <extra_id_0>.,370_and
The mass of rocks will increase because exists rocks be change by heat and <extra_id_0>.,370_and_neg
The mass of water will decrease because water evaporates into the air and <extra_id_0>.,371_and
The mass of water will decrease because water evaporates into the air and <extra_id_0>.,371_and_neg
The mass of people will decrease because they dies and <extra_id_0>.,372_and
The mass of people will decrease because they dies and <extra_id_0>.,372_and_neg
The mass of animals will decrease because people spays and neuter their pets and <extra_id_0>.,373_and
The mass of animals will decrease because people spays and neuter their pets and <extra_id_0>.,373_and_neg
The mass of fat will decrease because personX drinks plenty of water and <extra_id_0>.,374_and
The mass of fat will decrease because personX drinks plenty of water and <extra_id_0>.,374_and_neg
The mass of sugar will decrease because personX eats sugarless foods and <extra_id_0>.,375_and
The mass of sugar will decrease because personX eats sugarless foods and <extra_id_0>.,375_and_neg
The electric current of toaster will increase because personX puts a piece of bread in the toaster and <extra_id_0>.,377_and
The electric current of toaster will increase because personX puts a piece of bread in the toaster and <extra_id_0>.,377_and_neg
The electric current of computer will increase because personX uses a higher wattage power supply and <extra_id_0>.,378_and
The electric current of computer will increase because personX uses a higher wattage power supply and <extra_id_0>.,378_and_neg
The electric current of computer will increase because personX uses a higher wattage power supply and <extra_id_0>.,379_and
The electric current of computer will increase because personX uses a higher wattage power supply and <extra_id_0>.,379_and_neg
The electric current of coffee maker will increase because personX increases the amount of coffee beans use and <extra_id_0>.,380_and
The electric current of coffee maker will increase because personX increases the amount of coffee beans use and <extra_id_0>.,380_and_neg
The electric current of tv will increase because personX turns up the volume and <extra_id_0>.,381_and
The electric current of tv will increase because personX turns up the volume and <extra_id_0>.,381_and_neg
The electric current of fan will increase because switch be turns on and <extra_id_0>.,383_and
The electric current of fan will increase because switch be turns on and <extra_id_0>.,383_and_neg
The electric current of toaster will decrease because personX unplugs the toaster and <extra_id_0>.,384_and
The electric current of toaster will decrease because personX unplugs the toaster and <extra_id_0>.,384_and_neg
The electric current of toaster will decrease because personX unplugs the toaster and <extra_id_0>.,385_and
The electric current of toaster will decrease because personX unplugs the toaster and <extra_id_0>.,385_and_neg
The electric current of lamp will decrease because lamp is move away from power source and <extra_id_0>.,386_and
The electric current of lamp will decrease because lamp is move away from power source and <extra_id_0>.,386_and_neg
The electric current of lamp will decrease because lamp is move away from power source and <extra_id_0>.,387_and
The electric current of lamp will decrease because lamp is move away from power source and <extra_id_0>.,387_and_neg
The electric current of hair dryer will decrease because the wind speed is decrease and <extra_id_0>.,388_and
The electric current of hair dryer will decrease because the wind speed is decrease and <extra_id_0>.,388_and_neg
The electric current of coffee maker will decrease because the coffee maker be turns off and <extra_id_0>.,389_and
The electric current of coffee maker will decrease because the coffee maker be turns off and <extra_id_0>.,389_and_neg
The electric current of heater will decrease because personX decreases the input voltage and <extra_id_0>.,390_and
The electric current of heater will decrease because personX decreases the input voltage and <extra_id_0>.,390_and_neg
The electric current of heater will decrease because personX decreases the input voltage and <extra_id_0>.,391_and
The electric current of heater will decrease because personX decreases the input voltage and <extra_id_0>.,391_and_neg
The electric current of microwave will decrease because personX turns off the microwave and <extra_id_0>.,392_and
The electric current of microwave will decrease because personX turns off the microwave and <extra_id_0>.,392_and_neg
The amount of substance of water will increase because personX adds a drop of food coloring and <extra_id_0>.,393_and
The amount of substance of water will increase because personX adds a drop of food coloring and <extra_id_0>.,393_and_neg
The amount of substance of sugar will increase because sugar be be adds to a container of soda and <extra_id_0>.,394_and
The amount of substance of sugar will increase because sugar be be adds to a container of soda and <extra_id_0>.,394_and_neg
The amount of substance of coffee will increase because personX mixes milk and coffee and <extra_id_0>.,395_and
The amount of substance of coffee will increase because personX mixes milk and coffee and <extra_id_0>.,395_and_neg
The amount of substance of flour will increase because personX drops a cake and <extra_id_0>.,396_and
The amount of substance of flour will increase because personX drops a cake and <extra_id_0>.,396_and_neg
The amount of substance of tea will increase because personX adds a tea bag and <extra_id_0>.,397_and
The amount of substance of tea will increase because personX adds a tea bag and <extra_id_0>.,397_and_neg
The amount of substance of animals will increase because each animal produces offspring and <extra_id_0>.,398_and
The amount of substance of animals will increase because each animal produces offspring and <extra_id_0>.,398_and_neg
The amount of substance of sugar will decrease because personX sugar undergoes a chemical reaction and <extra_id_0>.,399_and
The amount of substance of sugar will decrease because personX sugar undergoes a chemical reaction and <extra_id_0>.,399_and_neg
The amount of substance of milk will decrease because personX feeds it to a pet and <extra_id_0>.,400_and
The amount of substance of milk will decrease because personX feeds it to a pet and <extra_id_0>.,400_and_neg
The amount of substance of beer will decrease because it evaporates and <extra_id_0>.,401_and
The amount of substance of beer will decrease because it evaporates and <extra_id_0>.,401_and_neg
The amount of substance of gasoline will decrease because personX fills a tank and <extra_id_0>.,402_and
The amount of substance of gasoline will decrease because personX fills a tank and <extra_id_0>.,402_and_neg
The luminous intensity of stars will increase because the star's nuclear fuel supply be is and <extra_id_0>.,403_and
The luminous intensity of stars will increase because the star's nuclear fuel supply be is and <extra_id_0>.,403_and_neg
The luminous intensity of planets will increase because the luminous intensity of planets can increases as a result of volcanism and <extra_id_0>.,405_and
The luminous intensity of planets will increase because the luminous intensity of planets can increases as a result of volcanism and <extra_id_0>.,405_and_neg
The luminous intensity of planets will increase because the luminous intensity of planets can increases as a result of volcanism and <extra_id_0>.,406_and
The luminous intensity of planets will increase because the luminous intensity of planets can increases as a result of volcanism and <extra_id_0>.,406_and_neg
The luminous intensity of moons will increase because the moons may is closer to the sun and <extra_id_0>.,408_and
The luminous intensity of moons will increase because the moons may is closer to the sun and <extra_id_0>.,408_and_neg
The luminous intensity of planets will decrease because the planet's atmosphere become becomes and <extra_id_0>.,410_and
The luminous intensity of planets will decrease because the planet's atmosphere become becomes and <extra_id_0>.,410_and_neg
The luminous intensity of comets will decrease because the comet is farther away from the sun and <extra_id_0>.,411_and
The luminous intensity of comets will decrease because the comet is farther away from the sun and <extra_id_0>.,411_and_neg
The luminous intensity of comets will decrease because the comet is farther away from the sun and <extra_id_0>.,412_and
The luminous intensity of comets will decrease because the comet is farther away from the sun and <extra_id_0>.,412_and_neg
The luminous intensity of asteroids will decrease because the asteroid is move further away from the sun and <extra_id_0>.,413_and
The luminous intensity of asteroids will decrease because the asteroid is move further away from the sun and <extra_id_0>.,413_and_neg
The luminous intensity of moon will decrease because the moon be moves further away from earth and <extra_id_0>.,414_and
The luminous intensity of moon will decrease because the moon be moves further away from earth and <extra_id_0>.,414_and_neg
The luminous intensity of moon will decrease because the moon be moves further away from earth and <extra_id_0>.,415_and
The luminous intensity of moon will decrease because the moon be moves further away from earth and <extra_id_0>.,415_and_neg
The luminous intensity of sun will decrease because the sun moves closer to the horizon and <extra_id_0>.,416_and
The luminous intensity of sun will decrease because the sun moves closer to the horizon and <extra_id_0>.,416_and_neg
The luminous intensity of moons will decrease because the moon moves away from the sun and <extra_id_0>.,417_and
The luminous intensity of moons will decrease because the moon moves away from the sun and <extra_id_0>.,417_and_neg
The luminous intensity of meteoroids will decrease because they enters the earth's atmosphere and <extra_id_0>.,418_and
The luminous intensity of meteoroids will decrease because they enters the earth's atmosphere and <extra_id_0>.,418_and_neg
The luminous intensity of fire will decrease because the fuel be uses up and <extra_id_0>.,419_and
The luminous intensity of fire will decrease because the fuel be uses up and <extra_id_0>.,419_and_neg
The plane angle of knee will increase because personX bends the knee and <extra_id_0>.,420_and
The plane angle of knee will increase because personX bends the knee and <extra_id_0>.,420_and_neg
The plane angle of neck will increase because personX bends the head forward and <extra_id_0>.,421_and
The plane angle of neck will increase because personX bends the head forward and <extra_id_0>.,421_and_neg
The plane angle of wrist will increase because personX pronates the forearm and <extra_id_0>.,422_and
The plane angle of wrist will increase because personX pronates the forearm and <extra_id_0>.,422_and_neg
The plane angle of door will increase because the door is open wider and <extra_id_0>.,423_and
The plane angle of door will increase because the door is open wider and <extra_id_0>.,423_and_neg
The plane angle of window will increase because personX closes the window shade and <extra_id_0>.,424_and
The plane angle of window will increase because personX closes the window shade and <extra_id_0>.,424_and_neg
The plane angle of head will increase because personX raises the chin and <extra_id_0>.,425_and
The plane angle of head will increase because personX raises the chin and <extra_id_0>.,425_and_neg
The plane angle of knee will decrease because knee is flex and <extra_id_0>.,426_and
The plane angle of knee will decrease because knee is flex and <extra_id_0>.,426_and_neg
The plane angle of neck will decrease because personX looks up and <extra_id_0>.,428_and
The plane angle of neck will decrease because personX looks up and <extra_id_0>.,428_and_neg
The plane angle of door will decrease because personX pushes the door open and <extra_id_0>.,430_and
The plane angle of door will decrease because personX pushes the door open and <extra_id_0>.,430_and_neg
The plane angle of window will decrease because the window is close and <extra_id_0>.,432_and
The plane angle of window will decrease because the window is close and <extra_id_0>.,432_and_neg
The plane angle of window will decrease because the window is close and <extra_id_0>.,433_and
The plane angle of window will decrease because the window is close and <extra_id_0>.,433_and_neg
The plane angle of fingers will decrease because personX makes a fist and <extra_id_0>.,434_and
The plane angle of fingers will decrease because personX makes a fist and <extra_id_0>.,434_and_neg
The plane angle of hand will decrease because personX pushes the handlebars forward on a bicycle and <extra_id_0>.,435_and
The plane angle of hand will decrease because personX pushes the handlebars forward on a bicycle and <extra_id_0>.,435_and_neg
The plane angle of blinds will decrease because the slats is tilt to the closed position and <extra_id_0>.,436_and
The plane angle of blinds will decrease because the slats is tilt to the closed position and <extra_id_0>.,436_and_neg
The solid angle of sun will increase because personX rolls over in the morning and <extra_id_0>.,437_and
The solid angle of sun will increase because personX rolls over in the morning and <extra_id_0>.,437_and_neg
The solid angle of sun will increase because personX rolls over in the morning and <extra_id_0>.,438_and
The solid angle of sun will increase because personX rolls over in the morning and <extra_id_0>.,438_and_neg
The solid angle of torch will increase because the torch be moves closer to the objects and <extra_id_0>.,439_and
The solid angle of torch will increase because the torch be moves closer to the objects and <extra_id_0>.,439_and_neg
The solid angle of searchlight will increase because the light is move closer to the observer and <extra_id_0>.,440_and
The solid angle of searchlight will increase because the light is move closer to the observer and <extra_id_0>.,440_and_neg
The solid angle of lampshade will increase because personX increases the size of the lampshade and <extra_id_0>.,441_and
The solid angle of lampshade will increase because personX increases the size of the lampshade and <extra_id_0>.,441_and_neg
The solid angle of cupcake will increase because personX eats the cupcake and <extra_id_0>.,442_and
The solid angle of cupcake will increase because personX eats the cupcake and <extra_id_0>.,442_and_neg
The solid angle of sun will decrease because personX walks into a building and <extra_id_0>.,443_and
The solid angle of sun will decrease because personX walks into a building and <extra_id_0>.,443_and_neg
The solid angle of sun will decrease because personX walks into a building and <extra_id_0>.,444_and
The solid angle of sun will decrease because personX walks into a building and <extra_id_0>.,444_and_neg
The solid angle of moon will decrease because the moon moves away from the earth and <extra_id_0>.,445_and
The solid angle of moon will decrease because the moon moves away from the earth and <extra_id_0>.,445_and_neg
The solid angle of torch will decrease because the torch be moves away from the observers and <extra_id_0>.,446_and
The solid angle of torch will decrease because the torch be moves away from the observers and <extra_id_0>.,446_and_neg
The solid angle of torch will decrease because the torch be moves away from the observers and <extra_id_0>.,447_and
The solid angle of torch will decrease because the torch be moves away from the observers and <extra_id_0>.,447_and_neg
The solid angle of headlight will decrease because personX moves the headlight closer to the ground and <extra_id_0>.,448_and
The solid angle of headlight will decrease because personX moves the headlight closer to the ground and <extra_id_0>.,448_and_neg
The solid angle of headlight will decrease because personX moves the headlight closer to the ground and <extra_id_0>.,449_and
The solid angle of headlight will decrease because personX moves the headlight closer to the ground and <extra_id_0>.,449_and_neg
The solid angle of laser pointer will decrease because if the pointer be moves away from the observer and <extra_id_0>.,450_and
The solid angle of laser pointer will decrease because if the pointer be moves away from the observer and <extra_id_0>.,450_and_neg
The solid angle of projector light will decrease because the light is move away from the projector and <extra_id_0>.,451_and
The solid angle of projector light will decrease because the light is move away from the projector and <extra_id_0>.,451_and_neg
The solid angle of searchlight will decrease because personX moves the light source closer to the observer and <extra_id_0>.,452_and
The solid angle of searchlight will decrease because personX moves the light source closer to the observer and <extra_id_0>.,452_and_neg
The solid angle of spotlight will decrease because the spotlight is move closer to the object and <extra_id_0>.,453_and
The solid angle of spotlight will decrease because the spotlight is move closer to the object and <extra_id_0>.,453_and_neg
The solid angle of floodlight will decrease because moves closer to the object it be illuminate and <extra_id_0>.,454_and
The solid angle of floodlight will decrease because moves closer to the object it be illuminate and <extra_id_0>.,454_and_neg
The solid angle of lampshade will decrease because the lampshade be turns so that its narrowest side face the light source and <extra_id_0>.,455_and
The solid angle of lampshade will decrease because the lampshade be turns so that its narrowest side face the light source and <extra_id_0>.,455_and_neg
The solid angle of pizza slice will decrease because pizza slice becomes narrower and <extra_id_0>.,456_and
The solid angle of pizza slice will decrease because pizza slice becomes narrower and <extra_id_0>.,456_and_neg
The solid angle of cookie will decrease because personX takes a bite out of the cookie and <extra_id_0>.,457_and
The solid angle of cookie will decrease because personX takes a bite out of the cookie and <extra_id_0>.,457_and_neg
The solid angle of cupcake will decrease because cupcake be moves closer to the eye and <extra_id_0>.,458_and
The solid angle of cupcake will decrease because cupcake be moves closer to the eye and <extra_id_0>.,458_and_neg
The frequency of blood pressure will increase because personX eats spicy food and <extra_id_0>.,459_and
The frequency of blood pressure will increase because personX eats spicy food and <extra_id_0>.,459_and_neg
The frequency of of bowel movements will increase because personX eats high-fiber foods and <extra_id_0>.,460_and
The frequency of of bowel movements will increase because personX eats high-fiber foods and <extra_id_0>.,460_and_neg
The frequency of person will decrease because personX turns around and <extra_id_0>.,461_and
The frequency of person will decrease because personX turns around and <extra_id_0>.,461_and_neg
The frequency of sweating will decrease because personX uses an antiperspirant and <extra_id_0>.,463_and
The frequency of sweating will decrease because personX uses an antiperspirant and <extra_id_0>.,463_and_neg
The frequency of appetite will decrease because personX gets enough sleep and <extra_id_0>.,464_and
The frequency of appetite will decrease because personX gets enough sleep and <extra_id_0>.,464_and_neg
The frequency of sneezing will decrease because personX takes medication and <extra_id_0>.,465_and
The frequency of sneezing will decrease because personX takes medication and <extra_id_0>.,465_and_neg
The pressure of tire will increase because personX pumps up the tire with a bike pump and <extra_id_0>.,466_and
The pressure of tire will increase because personX pumps up the tire with a bike pump and <extra_id_0>.,466_and_neg
The pressure of air will increase because personX climbs a mountain and <extra_id_0>.,467_and
The pressure of air will increase because personX climbs a mountain and <extra_id_0>.,467_and_neg
The pressure of hydraulic will increase because the container's walls be push pushes and <extra_id_0>.,468_and
The pressure of hydraulic will increase because the container's walls be push pushes and <extra_id_0>.,468_and_neg
The pressure of anxiety will increase because personX feels overwhelmed and <extra_id_0>.,469_and
The pressure of anxiety will increase because personX feels overwhelmed and <extra_id_0>.,469_and_neg
The pressure of gas in a container will increase because personX hits the container and <extra_id_0>.,470_and
The pressure of gas in a container will increase because personX hits the container and <extra_id_0>.,470_and_neg
The pressure of tire will decrease because personX lets air out of the tire and <extra_id_0>.,471_and
The pressure of tire will decrease because personX lets air out of the tire and <extra_id_0>.,471_and_neg
The pressure of gas will decrease because personX opens a container and <extra_id_0>.,472_and
The pressure of gas will decrease because personX opens a container and <extra_id_0>.,472_and_neg
